tipo_operacao,velocidade_media,tempo_uso_anos,distancia_percorrida_km,chuva,proximidade_agua,temperatura,operacao_noturna,regiao_risco,historico_sinistro,manutencao_atrasada,sinistro
0,56,12,101,1,1,38,0,1,0,0,1
1,21,8,905,0,0,26,0,1,0,1,0
0,25,8,202,0,1,30,0,2,0,0,0
0,33,6,798,1,0,26,1,2,0,0,0
0,28,12,360,0,0,33,0,1,0,0,0
1,17,11,863,0,0,24,1,1,0,0,0
0,40,10,593,0,0,21,1,0,0,1,0
0,30,3,616,1,1,26,1,1,1,1,1
0,26,3,913,0,0,34,0,2,0,0,1
1,32,1,438,0,0,19,1,2,1,0,1
0,46,7,597,0,0,30,1,2,0,0,0
0,63,5,671,0,0,23,1,2,0,0,1
0,25,4,226,1,1,21,1,1,0,1,1
0,15,10,411,0,0,34,0,2,0,1,0
1,17,4,363,0,0,36,0,1,1,0,0
0,34,14,856,0,0,28,1,0,0,0,0
1,27,4,897,0,1,25,0,1,0,0,0
1,34,6,146,1,0,21,0,1,0,1,0
1,21,8,930,1,0,24,0,2,1,1,0
0,24,8,262,1,1,23,0,2,0,0,1
1,68,5,878,1,0,18,0,2,0,0,1
0,35,6,186,0,0,30,1,1,1,0,1
1,50,4,55,1,0,24,0,1,0,0,0
1,54,12,158,1,0,33,0,0,1,0,0
1,35,14,596,0,1,38,0,1,0,0,1
1,56,11,88,0,0,31,0,2,1,0,1
1,41,13,711,0,0,23,1,0,0,1,1
1,19,9,474,0,0,27,0,1,0,0,0
1,25,8,679,1,0,15,0,2,0,1,0
1,16,10,310,0,0,16,0,1,0,1,0
0,26,12,475,0,1,27,1,0,0,1,1
0,32,10,136,1,0,38,0,0,1,0,0
1,35,1,514,0,0,23,0,2,0,0,0
1,30,2,125,0,0,21,0,0,0,1,0
1,31,9,520,1,0,30,0,1,0,0,0
0,67,8,463,1,0,33,0,0,1,0,1
1,16,14,874,1,0,21,1,2,1,0,0
0,23,3,944,1,1,20,1,0,0,0,1
0,24,8,775,0,0,32,1,0,0,1,0
0,62,12,506,0,0,33,0,1,0,1,1
0,16,1,334,1,0,25,1,0,0,0,0
0,18,10,288,0,0,26,0,2,0,0,0
1,60,4,726,0,0,24,0,1,0,0,1
1,57,3,648,0,0,27,1,2,0,0,1
1,17,6,702,0,0,26,1,1,0,0,0
1,59,7,721,1,0,35,1,0,1,0,1
1,68,4,607,0,0,24,0,0,1,0,1
0,32,7,421,0,0,34,1,1,1,1,1
1,38,9,544,0,0,32,1,1,0,0,0
1,27,11,673,0,0,18,0,2,0,1,1
0,40,2,968,1,0,38,0,2,1,1,0
1,39,11,94,0,0,19,1,2,0,1,1
0,61,3,450,1,0,19,0,0,1,0,1
1,48,5,296,0,1,26,0,1,1,1,0
0,44,3,665,0,1,17,0,2,1,1,0
1,27,11,646,1,0,22,0,2,1,0,0
1,68,8,499,0,0,36,1,1,0,0,1
0,51,12,534,1,0,16,0,2,0,0,0
0,48,10,695,0,0,32,0,0,0,0,0
0,26,8,669,0,1,23,1,1,0,1,0
0,23,8,67,0,0,27,0,1,0,1,0
0,40,12,655,0,0,21,0,2,0,1,1
0,33,12,711,0,0,24,1,0,1,0,1
0,44,9,807,0,0,23,1,0,1,0,1
0,53,4,338,0,1,36,0,2,0,1,0
1,69,5,463,0,1,29,1,2,1,0,1
1,54,5,770,1,0,19,0,1,1,0,0
0,43,8,687,0,0,26,1,1,0,0,0
1,12,7,284,1,0,15,1,1,0,0,0
1,46,9,465,0,1,26,0,2,1,1,0
1,52,14,987,1,1,36,0,1,1,1,1
1,49,8,548,1,0,20,0,2,0,0,0
0,35,2,683,0,0,33,0,0,0,0,0
1,64,10,699,0,0,33,1,0,1,0,1
0,32,12,164,1,1,30,0,2,0,0,1
1,53,4,981,1,0,33,0,1,0,0,0
1,48,6,723,0,1,17,1,0,0,0,0
1,24,12,762,0,1,37,0,0,0,1,1
0,65,2,283,1,0,24,1,1,1,0,1
1,58,7,589,1,1,32,0,0,0,0,1
0,13,3,60,0,1,27,0,1,0,0,0
1,38,13,255,1,0,32,0,2,1,0,0
0,31,3,728,0,0,17,0,0,0,0,0
1,34,11,296,0,0,37,0,1,1,0,1
0,22,2,608,0,0,17,1,0,1,0,1
0,27,11,807,1,1,37,0,2,0,0,1
1,42,8,176,0,1,39,1,0,0,0,0
0,25,6,196,0,0,26,0,0,0,0,0
1,54,1,167,0,0,34,0,0,0,0,1
1,51,12,960,0,0,21,0,0,0,0,0
1,53,1,431,0,1,39,1,0,0,0,0
1,11,7,461,0,0,38,0,1,0,0,0
1,64,8,713,0,1,22,0,2,1,0,1
1,44,5,633,0,0,23,1,2,0,0,0
1,51,12,412,0,0,28,0,2,0,1,1
1,43,11,558,0,0,19,1,1,1,0,1
1,39,5,186,1,0,35,0,1,1,0,0
1,68,4,224,0,0,33,1,1,1,0,1
1,64,14,338,0,0,35,0,1,0,0,1
0,22,6,530,1,0,30,1,2,0,0,0
0,22,14,68,1,1,38,1,2,0,1,1
1,27,6,244,0,0,26,0,2,0,0,0
1,41,3,379,0,1,35,1,2,0,1,0
1,41,9,985,0,0,18,0,2,0,0,0
1,44,12,224,1,0,22,1,2,0,0,0
1,68,11,498,0,0,21,0,1,0,0,1
1,48,14,974,1,0,29,0,1,0,0,0
1,55,7,995,0,1,20,1,2,0,0,0
1,61,1,403,1,0,19,1,1,0,1,1
0,38,13,548,1,0,28,0,0,0,1,0
1,58,7,190,1,0,35,0,0,0,0,1
0,38,5,807,1,0,27,0,2,0,0,0
1,62,5,946,1,0,24,0,2,0,0,1
1,53,14,979,1,0,32,0,0,0,1,1
0,66,13,142,0,1,18,1,1,0,1,0
1,25,2,993,0,1,22,1,2,0,1,0
0,65,4,288,1,0,38,1,2,1,1,1
1,53,12,254,0,0,25,1,0,1,0,1
1,56,6,609,1,0,31,1,0,0,1,1
0,66,10,482,0,0,32,0,1,0,0,1
1,19,11,294,1,0,35,0,2,0,1,1
0,39,7,881,1,0,39,0,1,0,0,0
1,34,11,366,0,1,25,1,1,0,0,0
0,48,5,974,0,1,30,0,2,1,1,0
0,29,9,344,0,0,26,0,0,1,0,0
1,14,3,689,0,0,27,0,1,0,0,0
1,10,1,905,0,0,30,1,1,1,1,1
0,39,4,331,1,0,37,1,2,0,0,1
1,58,9,66,1,1,35,1,1,0,0,0
1,12,4,120,1,0,15,1,1,0,0,0
1,54,2,318,1,1,30,0,2,0,0,1
0,23,10,374,0,0,29,1,2,0,0,0
0,65,14,843,0,0,20,1,1,0,1,1
0,39,14,354,1,0,26,0,2,0,0,0
0,59,5,500,0,0,22,0,0,0,1,1
0,13,3,56,0,1,21,0,2,1,0,0
0,27,13,363,1,0,16,0,0,1,0,0
0,46,12,866,1,0,26,0,0,1,1,1
0,34,13,152,1,0,35,1,1,0,0,0
0,57,9,870,1,0,28,0,0,0,0,1
1,10,4,242,1,0,30,0,0,0,0,0
0,62,6,802,0,0,25,0,2,0,0,1
1,55,2,623,1,1,34,1,2,0,0,1
1,24,6,578,1,0,23,0,2,0,0,0
1,18,3,220,0,1,24,1,0,0,0,0
0,24,12,586,0,0,31,0,0,0,0,0
0,58,12,300,0,0,26,1,0,0,1,1
0,66,9,814,1,0,20,1,2,0,1,1
0,33,11,436,1,0,33,0,0,0,0,0
1,13,2,256,0,0,25,0,1,0,0,0
0,21,12,590,1,1,23,0,2,1,0,0
0,68,12,678,1,0,35,1,0,0,0,1
0,67,9,465,0,0,20,1,1,0,1,1
0,46,5,843,0,0,39,0,2,0,1,0
0,46,8,429,0,1,39,0,2,0,0,0
1,52,2,193,0,0,38,0,0,0,1,0
0,69,6,74,0,0,39,0,2,1,0,1
1,15,3,871,1,0,30,0,1,0,0,0
0,48,12,717,1,0,34,0,1,1,1,1
1,65,12,122,1,0,30,0,0,0,1,1
0,55,14,681,1,0,20,0,2,1,0,0
0,33,10,873,0,0,19,1,2,0,0,0
1,20,5,882,0,1,35,0,1,0,0,0
1,22,12,142,0,1,18,0,1,1,0,0
1,43,8,554,1,0,16,0,0,1,0,0
0,34,10,647,1,1,20,0,0,0,1,1
1,16,14,385,1,0,23,1,2,0,1,1
0,61,1,474,1,0,31,0,0,0,0,1
0,13,5,548,1,1,28,0,2,0,1,1
1,68,3,413,0,0,21,1,0,0,1,1
1,17,4,996,0,0,36,1,2,1,0,0
0,29,2,679,0,0,33,1,1,0,0,0
0,38,9,794,0,0,15,0,1,1,1,0
1,63,3,248,0,0,34,0,2,0,0,1
1,62,2,767,1,0,39,0,2,0,0,1
1,60,10,462,1,0,29,1,1,0,1,1
0,54,11,388,1,0,32,0,0,1,0,0
0,55,9,708,0,1,17,1,2,0,1,0
0,19,7,986,0,1,32,1,2,1,0,1
0,52,6,478,1,0,16,0,0,1,1,0
0,43,1,832,0,1,24,0,2,1,0,0
0,66,5,948,0,1,25,1,0,0,1,1
1,35,12,188,1,0,38,1,2,0,0,0
0,50,11,742,1,1,17,1,0,0,0,1
0,58,14,991,0,0,21,0,2,1,0,1
0,67,11,591,0,0,22,0,0,0,0,1
1,12,3,106,1,0,33,0,1,0,1,0
0,65,1,281,0,0,32,0,2,1,0,1
0,15,4,707,1,1,27,0,2,1,1,1
1,14,13,484,0,0,27,1,2,0,0,0
0,14,2,433,0,0,38,0,2,0,1,0
0,63,2,609,0,0,33,0,0,0,0,1
0,56,3,243,0,0,37,1,1,0,0,1
0,32,8,785,0,0,26,1,0,1,0,1
0,58,8,697,0,0,31,1,0,1,1,1
1,18,12,583,1,1,36,1,1,0,0,1
1,44,7,567,0,0,26,0,0,0,0,0
1,29,6,765,1,0,27,0,2,0,0,0
0,67,9,800,0,1,39,0,2,0,0,1
0,58,4,234,0,0,26,0,2,0,0,1
0,68,12,921,0,1,33,0,1,1,0,1
1,51,1,341,0,0,28,0,2,0,1,0
0,44,8,384,0,0,21,1,2,0,0,0
0,59,7,781,1,1,27,1,1,1,0,1
1,27,7,165,0,0,20,0,0,0,0,0
0,26,3,874,1,1,38,1,2,0,0,1
1,33,4,98,1,0,33,1,2,1,0,1
1,12,10,734,1,1,33,0,2,0,0,1
1,41,9,131,0,0,18,0,1,0,0,0
0,44,6,883,0,0,33,1,1,1,0,1
0,47,5,382,0,0,23,0,0,0,0,0
0,22,3,606,0,0,30,0,0,0,0,1
0,65,9,384,1,0,18,1,0,0,1,1
0,56,5,581,1,0,20,1,0,0,1,1
0,34,5,270,0,0,22,0,0,1,1,0
0,18,14,684,0,0,38,1,2,1,0,1
1,13,4,795,0,0,30,1,1,0,0,0
0,23,14,782,1,1,19,0,1,1,0,1
1,46,4,372,0,0,35,0,0,1,0,0
0,43,12,900,0,1,36,1,2,1,0,1
0,20,1,52,1,0,24,1,2,0,0,0
0,50,7,743,0,0,37,1,1,0,0,0
1,65,9,255,0,0,27,0,1,0,1,1
1,12,3,881,0,1,28,1,1,1,1,1
1,68,12,89,1,1,21,0,2,0,1,1
1,37,13,108,0,0,34,0,2,1,1,1
0,38,2,623,1,0,20,1,0,0,1,0
1,18,3,693,1,0,21,0,2,1,0,0
0,12,1,556,0,0,19,0,0,0,1,0
0,34,6,621,0,0,35,0,2,0,1,0
1,43,11,933,1,0,32,1,2,0,1,1
1,21,11,892,0,1,37,0,0,1,0,0
1,51,7,171,0,0,26,0,0,0,0,0
1,18,11,528,0,1,20,0,0,0,0,0
1,24,11,668,0,0,15,1,0,1,1,1
1,49,2,145,0,1,18,0,0,0,0,0
1,34,8,908,0,0,33,1,0,0,1,0
1,14,14,463,1,1,26,1,0,0,1,1
0,20,6,284,1,1,29,0,0,0,0,1
1,68,14,947,0,0,17,0,1,0,0,0
1,43,4,111,0,1,37,0,2,0,0,0
0,33,5,305,0,1,34,0,0,0,0,0
1,69,8,610,1,0,22,0,2,0,0,1
0,24,14,954,1,1,25,0,1,0,1,1
0,47,3,397,0,1,30,0,2,0,0,0
1,17,3,720,1,0,23,0,0,0,1,0
0,68,14,173,0,0,17,0,2,1,0,1
0,14,14,531,1,0,19,0,1,0,1,1
0,57,11,366,0,0,34,0,1,0,0,1
0,35,4,553,0,0,28,0,2,0,0,0
1,27,1,768,1,1,29,0,1,1,0,1
0,15,9,97,0,0,20,1,1,0,1,0
1,46,8,458,1,0,18,1,2,1,0,1
0,69,8,981,0,0,22,0,2,0,0,1
0,57,14,185,0,0,33,1,2,0,0,1
0,22,10,250,0,1,19,1,1,0,0,0
0,37,6,299,0,0,27,0,0,0,0,0
1,14,7,363,0,0,30,1,1,0,1,0
1,22,6,918,1,0,15,1,0,0,0,0
0,26,9,417,1,1,27,0,2,0,1,1
0,59,3,478,0,1,36,0,1,0,1,1
1,49,14,879,0,1,25,0,0,0,0,0
0,54,3,856,0,0,35,0,2,0,0,0
0,41,3,529,0,1,22,0,0,0,1,0
0,38,10,363,0,1,39,0,2,0,1,0
1,60,3,549,0,0,22,0,0,0,0,0
1,67,9,770,0,1,38,1,2,1,1,1
1,12,12,404,0,0,28,1,2,0,0,0
0,65,4,534,0,0,27,0,1,0,0,1
0,49,13,260,1,0,17,0,1,0,0,1
1,43,7,753,1,0,18,0,0,1,1,0
1,49,14,93,1,0,34,0,1,0,1,1
1,36,9,590,1,0,29,0,0,0,0,0
1,22,11,620,1,1,29,0,0,0,0,1
0,54,12,632,0,1,35,0,0,1,1,1
1,42,7,141,0,1,27,1,1,0,1,0
0,15,9,314,0,0,23,0,1,1,1,0
1,33,12,944,0,0,39,1,0,0,0,0
0,28,3,269,1,0,24,0,0,1,0,0
1,25,4,951,1,0,26,0,0,0,0,0
1,49,14,974,1,1,28,0,2,0,0,1
1,37,8,491,0,0,15,0,2,0,0,0
1,42,6,450,1,0,28,0,0,0,0,0
0,68,5,449,1,1,28,0,1,0,1,1
1,68,13,776,0,0,22,0,2,1,1,1
0,57,4,948,0,1,30,0,1,1,1,1
0,50,8,838,1,0,28,0,2,1,0,0
0,22,1,625,0,0,15,0,2,0,0,0
0,52,14,907,0,1,30,1,1,0,0,0
1,54,9,853,0,0,32,0,1,0,1,0
0,34,1,539,0,0,21,0,0,1,1,0
0,62,8,534,1,0,29,0,2,0,1,1
0,51,4,806,1,0,38,0,1,1,0,0
1,45,9,519,0,1,31,0,0,1,1,0
1,36,14,623,0,0,33,0,0,0,1,1
1,47,11,987,0,0,37,0,2,0,0,0
1,69,5,893,0,0,27,0,1,1,1,1
0,16,3,731,0,1,23,1,1,0,0,0
0,14,9,494,0,0,38,0,1,0,1,0
1,52,11,318,0,0,38,1,2,0,0,0
0,54,14,316,0,1,29,1,0,0,0,0
0,67,14,103,1,0,39,0,2,0,0,1
0,66,9,577,0,1,17,1,1,0,0,1
1,60,4,569,1,0,38,0,0,0,0,1
1,40,11,665,1,1,15,0,0,0,0,1
0,32,4,108,0,0,30,0,0,1,0,0
1,51,12,874,1,0,22,0,2,0,0,0
1,19,8,89,1,0,37,1,1,0,0,1
1,41,2,286,1,0,27,0,2,1,0,0
1,52,9,435,0,0,22,1,1,0,1,1
1,62,13,655,0,0,31,0,0,1,0,1
0,39,14,783,0,1,36,0,1,0,0,0
1,48,6,765,1,1,37,0,1,0,0,1
0,40,9,699,0,0,28,0,2,0,1,0
0,27,8,349,0,1,35,0,1,1,0,0
1,45,7,444,1,0,35,0,0,1,1,0
0,11,13,256,0,0,21,0,1,0,0,1
0,23,14,385,1,1,29,1,1,0,1,1
0,22,1,642,0,0,30,0,1,1,0,0
1,38,14,779,0,0,33,0,2,0,1,1
1,21,12,563,0,0,20,0,0,0,1,0
0,48,3,227,1,0,37,1,2,1,0,1
1,11,11,445,0,0,15,0,2,0,0,0
1,41,14,420,0,1,26,1,1,0,1,1
1,22,2,907,0,0,32,1,1,0,0,0
1,55,5,840,0,0,30,0,1,0,1,0
0,36,5,707,1,0,26,0,0,0,0,0
0,58,5,367,1,1,34,0,1,0,0,1
1,50,4,785,0,1,27,0,1,0,1,0
1,26,5,418,0,0,22,0,1,0,0,0
0,49,3,433,0,0,36,1,0,0,1,0
0,40,12,111,1,0,15,0,0,0,0,0
1,43,1,855,0,0,35,1,0,0,0,0
0,69,5,554,1,0,21,0,2,0,0,1
1,33,13,288,0,0,29,1,2,0,0,0
1,54,9,244,0,1,36,1,1,0,0,0
0,44,13,727,0,1,27,0,2,0,1,0
0,57,9,271,1,1,27,1,2,0,0,0
1,15,4,110,0,0,23,1,2,0,0,0
1,28,3,178,1,0,38,0,1,0,0,0
0,39,1,734,1,0,29,1,1,1,0,1
1,16,2,205,0,0,18,1,1,0,1,0
0,19,8,966,0,0,27,0,2,0,1,0
1,50,1,427,1,0,26,0,2,0,1,0
0,41,8,671,0,0,19,0,1,0,1,0
0,43,13,830,0,1,21,0,2,0,1,1
0,37,7,972,0,1,22,0,0,0,0,0
1,69,8,917,1,0,19,0,0,0,0,1
1,24,12,952,0,0,23,0,0,1,1,1
0,39,6,839,1,0,28,1,1,0,0,0
1,46,12,635,1,0,26,0,0,0,1,1
0,38,14,486,1,0,18,0,0,0,0,0
0,31,9,256,0,1,34,0,0,1,0,0
1,13,3,437,1,1,22,1,2,1,0,1
1,29,10,529,1,1,31,1,2,0,0,1
0,41,4,840,1,0,22,0,2,0,1,0
1,45,13,936,0,1,35,1,0,0,0,0
1,59,6,887,0,0,15,0,0,0,0,1
0,13,8,389,1,0,34,0,2,0,0,0
0,36,5,918,0,0,16,0,2,0,1,0
1,26,3,389,0,1,18,1,0,0,0,0
0,21,6,253,0,0,38,0,0,0,0,0
0,31,4,210,1,0,35,0,1,1,0,0
1,26,9,589,0,0,15,0,2,0,1,0
0,19,13,441,0,0,21,1,0,1,1,1
0,63,3,818,0,1,15,1,0,0,0,1
1,10,4,726,1,0,23,0,1,0,1,0
1,31,7,624,0,0,17,1,2,0,1,0
0,35,7,583,0,0,26,0,2,0,1,0
0,65,12,119,0,0,33,0,1,0,1,1
1,68,12,942,1,0,29,0,1,0,1,1
1,27,4,454,1,1,36,0,1,0,0,1
1,59,6,657,0,0,30,1,2,1,1,1
1,23,12,724,0,0,24,1,2,0,1,1
0,56,13,640,1,0,36,1,0,1,1,1
1,38,3,566,0,0,20,1,1,0,0,0
1,21,6,877,1,0,31,0,2,1,0,0
0,45,12,169,0,0,35,1,0,0,0,0
1,68,2,863,0,1,36,0,1,0,1,1
0,44,8,739,0,0,38,0,1,0,0,0
1,61,2,737,0,0,31,0,1,0,0,1
1,21,11,951,1,0,35,1,1,0,1,1
1,16,7,266,0,0,33,1,1,0,0,0
0,38,9,105,1,0,32,1,0,0,0,0
0,20,1,415,0,1,25,0,1,0,0,0
1,42,8,748,0,0,38,1,1,1,0,1
0,15,7,553,0,0,21,0,0,1,0,0
0,56,6,793,1,0,24,0,0,1,1,1
0,24,6,816,0,0,21,0,1,1,0,0
0,41,6,974,1,0,19,0,0,0,1,0
0,60,9,504,1,1,26,1,1,1,0,1
0,20,2,153,0,0,30,0,0,1,1,0
1,67,1,126,0,0,39,0,0,1,0,1
1,32,13,279,0,1,35,0,2,0,0,0
0,35,12,963,1,1,32,0,0,0,0,1
1,43,6,307,1,0,17,0,2,0,1,0
1,55,10,313,0,1,34,1,2,0,0,0
1,43,11,380,0,0,29,1,0,1,0,1
1,38,8,231,1,1,19,1,0,0,1,1
0,13,3,942,0,1,27,1,2,0,0,0
1,26,12,817,0,0,33,1,0,1,1,1
1,44,10,599,0,0,26,0,1,0,0,0
0,22,1,737,0,0,37,0,2,0,1,0
0,50,9,76,0,0,35,0,0,0,1,1
1,48,13,325,0,0,19,0,2,0,0,0
1,24,13,701,0,0,20,0,0,1,0,0
1,64,1,348,1,0,21,1,0,0,1,1
1,38,3,848,0,0,24,1,0,1,0,1
1,38,8,140,0,1,30,0,1,1,1,0
1,20,14,529,0,1,22,1,1,1,1,1
0,61,3,622,1,0,23,1,1,0,0,1
1,41,13,507,0,0,18,1,2,1,1,1
1,11,4,500,0,1,35,1,0,0,0,0
0,56,8,414,1,1,35,0,2,0,0,1
0,23,1,908,0,1,22,0,1,0,0,0
0,29,13,724,0,0,39,0,1,0,0,0
0,31,13,400,1,0,21,0,0,0,1,1
1,20,6,704,0,1,29,0,0,0,0,0
1,36,1,449,0,0,35,1,2,0,0,0
1,12,14,302,0,0,17,1,1,0,1,1
1,26,1,830,1,0,31,1,1,0,0,0
1,53,14,930,1,1,25,0,2,1,0,1
1,65,8,852,0,0,23,0,1,0,0,1
0,37,11,508,1,0,19,0,2,0,0,0
1,38,4,748,0,0,39,1,1,0,1,1
0,30,12,966,1,1,24,0,1,0,0,1
0,56,1,548,1,0,29,0,1,0,0,1
1,25,10,999,1,0,28,0,2,0,0,0
0,46,7,975,0,0,18,0,0,1,1,0
1,68,5,557,0,1,35,0,2,0,0,1
0,29,5,353,1,0,34,0,2,0,0,0
1,15,1,550,1,1,16,0,1,0,0,1
0,28,14,852,1,0,26,1,0,0,0,0
1,66,10,647,0,0,15,0,0,0,0,1
1,14,11,215,0,0,38,1,1,0,0,0
1,12,6,464,0,0,34,1,0,1,0,1
1,68,14,511,0,0,19,0,2,0,1,1
1,10,9,969,0,0,20,0,2,0,0,0
0,67,9,163,1,0,38,1,2,0,0,1
0,69,8,482,0,1,25,0,0,0,0,1
0,47,5,405,1,0,22,1,1,1,0,1
1,24,1,977,1,0,21,0,2,0,0,0
0,43,9,744,0,0,18,0,1,0,0,0
1,44,1,256,0,0,20,0,2,1,1,0
1,58,8,817,0,0,30,0,0,1,1,1
0,34,5,284,0,0,34,0,0,1,0,0
0,33,3,491,0,0,29,0,0,0,0,0
1,21,11,404,1,0,28,1,2,0,0,0
0,27,7,564,0,0,37,0,0,0,0,0
1,24,7,257,0,0,26,0,2,0,0,0
1,53,9,758,0,1,26,0,2,0,0,0
1,25,7,902,0,1,30,1,0,1,0,1
1,36,13,174,1,0,29,1,0,0,0,0
1,17,11,187,0,0,27,1,1,1,0,1
0,69,14,388,0,0,25,0,1,1,0,1
0,55,3,586,1,0,31,0,0,1,0,0
1,34,11,117,0,1,35,1,0,0,0,0
1,26,13,622,0,0,29,0,1,1,0,0
0,38,14,590,0,1,28,0,0,0,0,0
0,62,13,432,0,1,24,1,1,0,0,1
1,17,1,68,1,0,26,0,0,0,1,0
0,24,8,732,1,1,30,0,1,0,0,1
1,36,12,499,1,0,29,0,2,0,0,0
0,55,3,123,0,0,24,0,1,0,0,0
1,59,12,622,1,0,18,1,2,0,0,1
0,61,8,988,1,1,37,0,2,1,1,1
1,16,8,714,0,0,23,1,0,1,1,1
0,12,13,325,0,1,35,1,0,0,0,0
0,38,5,97,0,0,34,0,1,0,1,0
1,53,13,260,1,0,23,0,2,0,0,0
0,62,12,904,1,0,35,0,1,0,1,1
1,33,13,969,1,1,39,1,2,0,0,1
0,69,1,700,0,0,38,0,1,0,1,1
1,67,13,671,0,0,34,0,2,0,0,1
0,12,10,744,0,1,25,0,1,0,0,0
1,29,7,589,1,0,25,0,1,0,1,0
0,55,12,758,0,0,21,0,2,0,0,1
1,24,10,240,1,1,35,0,1,0,0,1
0,34,5,364,1,1,24,1,1,0,0,1
1,39,8,950,0,0,18,0,0,0,1,0
1,23,9,612,0,1,19,1,2,1,0,1
1,16,11,710,1,1,19,1,0,0,0,1
0,26,14,829,1,0,25,1,1,1,0,1
1,53,7,611,0,0,23,1,0,0,0,0
0,29,14,949,1,0,30,1,0,1,0,1
1,45,13,807,1,0,23,1,2,0,0,0
0,18,7,162,1,0,36,1,2,0,0,0
1,47,1,219,1,1,18,0,1,0,1,1
0,57,4,517,1,0,16,1,1,1,0,0
0,66,2,727,0,0,28,0,2,0,0,1
1,69,2,970,1,1,17,1,0,0,0,1
0,31,2,63,0,0,32,0,1,0,0,0
0,63,4,764,0,0,35,0,2,1,0,1
1,62,14,337,0,1,20,0,2,1,1,1
0,62,1,956,0,1,25,0,2,1,0,1
0,11,4,238,0,0,35,1,2,0,0,0
0,33,2,963,1,0,32,0,2,0,1,0
1,17,5,204,0,0,26,0,1,0,0,0
0,20,3,616,0,0,19,0,2,1,0,0
1,22,12,743,0,1,23,0,1,0,0,0
0,26,8,771,0,1,34,1,2,0,0,1
0,17,4,937,0,1,32,0,0,0,0,0
0,30,1,520,0,1,33,1,1,0,0,0
1,27,1,124,1,1,17,0,2,0,0,1
0,39,12,326,0,0,23,1,0,1,0,1
0,27,10,989,0,0,18,0,2,1,1,0
1,55,3,694,0,0,31,1,2,1,0,1
0,56,9,392,1,1,31,1,1,0,1,1
1,40,7,474,0,0,37,0,2,1,0,0
1,47,2,620,1,0,37,0,1,1,0,0
0,41,13,560,1,1,16,0,0,0,0,1
1,20,9,906,0,0,23,1,2,1,0,1
0,54,10,231,1,0,23,1,1,1,1,1
1,34,2,507,0,1,19,0,1,0,0,0
1,42,3,967,1,0,29,0,0,1,0,0
0,69,11,900,0,1,29,0,0,0,0,1
1,47,13,882,1,0,17,0,2,0,0,0
1,50,10,113,1,0,33,0,2,0,0,0
1,17,14,888,1,0,17,0,1,0,0,0
1,20,2,309,1,1,20,0,1,1,0,1
1,31,3,242,1,0,18,0,2,0,0,0
0,60,6,704,1,0,38,0,1,0,0,1
1,33,9,665,0,0,27,0,2,0,0,0
0,50,9,455,1,0,27,0,0,0,0,0
1,26,7,775,0,0,25,1,2,0,1,0
0,21,12,803,1,0,19,1,1,0,0,0
0,66,3,992,0,0,15,1,1,0,1,1
1,55,4,770,0,0,23,0,2,0,1,0
1,41,6,142,0,0,31,1,2,0,1,1
1,24,11,479,1,0,36,1,1,0,1,1
0,25,5,703,1,0,15,0,2,0,0,0
1,63,2,483,0,0,17,0,2,0,1,1
0,31,13,453,1,0,29,0,1,0,1,1
0,37,6,483,1,0,35,0,1,0,1,0
0,29,3,161,1,0,37,0,2,1,1,0
1,42,14,978,1,1,24,0,2,0,1,1
1,19,8,424,1,0,22,0,2,1,0,0
0,49,2,108,0,0,26,0,0,0,0,0
0,41,1,92,1,1,39,1,1,0,0,1
1,59,9,256,0,0,36,0,2,1,0,1
0,69,14,829,1,1,29,1,1,0,1,1
1,42,12,345,1,1,23,1,0,0,1,1
0,11,3,167,0,1,38,0,2,1,1,0
1,42,11,581,1,0,39,1,0,0,0,0
0,42,1,271,0,0,24,0,1,0,1,0
1,50,7,215,0,0,34,0,2,1,0,0
0,22,13,692,1,0,23,0,2,0,1,1
1,39,10,205,0,0,29,0,0,0,1,0
1,42,5,233,1,0,37,0,0,1,0,0
0,22,5,139,0,0,35,1,0,1,0,1
0,61,14,143,1,0,35,0,0,0,0,1
1,35,1,62,0,1,15,0,2,0,0,0
0,31,9,883,1,1,16,0,2,0,0,1
1,48,7,854,0,0,33,0,2,1,0,0
0,11,8,994,0,0,28,1,2,0,0,0
1,47,9,791,0,1,22,1,0,0,1,1
1,48,6,883,0,1,20,1,0,0,0,0
1,35,12,853,0,0,26,0,0,0,0,0
1,55,5,487,0,0,29,0,1,0,0,0
1,67,6,587,1,0,28,0,2,0,0,1
1,59,11,636,1,0,35,0,0,0,0,1
0,24,2,925,1,0,15,0,0,0,0,0
0,43,4,985,1,0,25,0,1,0,0,1
0,51,3,860,1,0,39,1,1,0,0,0
1,64,13,199,0,1,17,1,2,0,0,1
1,53,7,709,1,0,33,0,2,0,0,0
1,58,9,57,0,1,32,0,0,0,1,1
1,49,5,78,1,1,34,0,1,0,0,1
0,20,6,345,1,0,16,1,1,0,1,0
0,12,10,975,0,0,39,0,2,0,0,0
1,68,14,770,0,0,21,1,1,0,0,1
0,15,12,689,0,1,22,1,1,0,0,0
0,18,12,389,0,0,33,0,0,1,0,0
1,15,2,677,1,0,36,1,2,0,1,0
0,18,3,488,0,0,29,1,0,1,1,1
1,48,3,193,1,1,24,1,0,0,0,1
0,40,12,991,1,0,36,1,1,0,1,1
1,41,12,879,0,0,15,0,0,1,0,0
1,50,9,796,1,1,20,0,1,0,0,1
1,59,7,568,1,0,27,1,1,0,0,1
1,21,8,94,0,0,28,1,0,0,0,0
0,17,11,288,0,1,17,1,2,0,0,0
1,17,10,993,1,1,25,0,1,1,0,1
1,59,11,204,1,1,17,1,1,0,1,1
1,37,9,230,1,0,33,0,1,1,1,0
0,29,6,264,1,1,24,1,2,0,0,1
1,56,4,137,0,0,29,1,2,0,0,0
0,68,12,305,1,0,25,0,2,0,1,1
1,16,1,560,0,0,29,0,1,0,0,0
0,20,8,122,1,1,38,1,2,0,0,1
0,29,7,980,0,1,27,0,1,0,0,0
1,25,2,228,1,0,19,0,0,0,0,0
0,13,8,261,0,0,18,0,1,1,0,1
1,15,12,854,1,0,27,0,2,0,0,0
1,67,5,283,0,1,23,0,2,0,0,1
1,31,7,514,1,0,39,0,2,1,0,0
0,35,4,800,1,0,31,1,0,0,0,0
0,12,5,272,0,1,16,0,0,0,0,0
1,50,8,680,0,0,38,0,0,0,1,0
1,69,1,874,0,0,19,1,0,0,1,1
0,51,1,313,0,1,30,1,2,0,0,0
1,23,4,256,0,0,21,1,1,0,0,0
1,20,3,656,1,0,15,0,2,1,0,0
1,27,13,934,1,1,26,0,0,0,0,1
0,63,10,783,1,0,35,0,1,0,1,1
0,21,12,415,0,0,25,1,2,0,0,0
0,32,2,325,1,0,26,0,1,0,1,0
1,21,12,429,1,1,33,0,2,0,0,1
1,22,3,792,0,0,26,0,0,0,0,0
1,34,11,358,0,0,26,0,2,0,0,0
0,54,11,680,1,0,28,0,2,0,1,1
1,60,14,317,1,1,16,0,0,0,0,1
1,67,11,994,1,0,16,0,0,0,0,1
1,28,1,834,1,0,39,0,0,1,0,0
1,64,1,113,1,0,18,0,0,1,0,1
0,55,6,859,0,0,34,0,2,0,0,0
0,45,5,399,0,1,37,1,2,0,0,0
1,54,8,974,0,1,30,1,0,0,0,0
0,17,2,964,1,0,24,1,2,1,1,1
0,38,4,543,0,1,27,0,2,0,0,0
1,64,8,572,1,0,16,0,0,0,0,1
1,62,12,147,0,1,17,1,0,0,0,1
0,64,6,995,0,0,33,1,0,0,1,1
1,41,1,120,1,0,20,0,2,0,1,0
0,60,4,413,1,0,33,0,0,1,1,1
1,53,1,619,0,0,35,0,2,1,0,0
0,27,13,851,1,1,34,0,2,1,0,1
1,15,2,812,0,0,33,0,2,0,0,0
0,27,5,325,1,1,22,0,0,1,0,1
0,28,14,99,0,0,28,0,2,0,0,0
0,31,8,407,1,0,24,1,2,0,0,0
1,46,8,777,1,0,17,0,1,0,0,1
0,41,11,955,0,0,20,1,1,0,0,0
0,65,3,977,1,0,29,0,2,1,0,1
1,50,11,613,1,0,37,0,2,0,0,0
1,68,13,832,1,0,37,0,2,0,1,1
0,12,4,534,1,0,32,1,1,1,0,1
0,37,10,133,1,1,28,0,0,0,0,1
1,19,11,948,1,0,33,1,1,0,0,0
1,60,14,854,0,0,24,1,2,0,0,1
1,44,6,687,1,1,29,1,2,0,1,1
1,38,11,857,0,1,18,0,0,0,0,0
1,63,11,633,1,1,37,0,2,0,0,1
0,24,10,345,1,0,16,0,2,1,0,0
1,42,3,285,0,1,17,0,0,0,1,0
0,16,2,105,1,1,21,0,0,1,0,1
0,21,6,968,0,1,37,0,1,0,0,0
0,58,11,409,1,0,30,0,2,0,0,1
1,39,13,956,0,0,24,0,2,0,1,1
0,30,5,159,0,0,33,0,0,0,1,0
0,40,14,241,0,0,31,0,1,0,0,0
1,67,10,953,0,0,33,0,1,0,0,1
0,33,5,142,0,1,19,0,2,0,0,0
0,29,10,911,1,1,37,1,2,0,0,1
1,46,13,617,1,1,34,1,2,0,0,1
0,13,5,109,0,1,27,0,2,0,0,0
0,37,10,699,1,0,27,1,0,1,1,1
0,53,12,88,1,0,25,1,1,0,0,0
1,29,5,589,0,0,25,0,2,0,0,0
1,69,3,98,1,0,30,1,2,1,0,1
1,33,7,469,0,0,29,0,2,1,0,0
0,59,6,686,0,1,31,0,1,1,0,1
0,58,4,62,0,1,36,0,0,0,1,1
1,60,2,85,0,0,32,1,0,0,0,1
0,41,12,150,1,0,33,1,2,0,0,0
0,50,9,843,1,1,18,0,2,0,0,1
1,45,1,135,0,0,36,1,1,0,0,0
1,67,13,565,1,0,36,1,0,0,1,0
0,62,13,272,0,0,37,1,1,0,0,1
0,43,11,387,0,0,19,1,0,0,0,0
0,45,14,215,0,0,21,1,0,0,1,1
1,11,4,432,1,1,16,0,1,0,0,1
1,24,1,905,0,0,15,1,2,0,1,0
1,43,13,944,0,1,26,1,2,0,0,0
1,45,6,425,0,0,24,0,0,1,0,0
0,15,4,520,1,0,22,0,2,1,0,0
1,48,5,839,0,0,15,1,2,0,1,0
1,51,5,691,0,0,26,1,1,0,0,0
1,60,9,80,0,0,16,0,1,0,0,1
1,60,1,424,0,0,24,0,2,0,0,1
1,67,13,60,1,0,36,0,2,1,0,1
0,63,2,351,0,0,31,0,2,1,1,1
0,21,13,145,0,0,17,1,2,1,0,1
1,12,6,239,1,1,21,0,0,1,0,1
0,54,5,502,0,0,26,1,2,0,0,0
1,27,11,241,0,0,22,0,0,0,0,0
1,49,7,535,0,1,34,0,0,0,0,0
0,30,3,315,0,1,26,0,0,0,0,0
0,24,3,473,0,0,17,1,2,0,0,0
1,42,10,177,0,1,31,1,1,0,1,0
1,44,2,287,1,0,23,0,2,0,0,0
1,35,13,969,1,0,24,0,2,0,1,1
0,17,3,404,0,0,36,0,0,1,0,0
1,45,10,989,0,1,20,1,2,1,1,1
1,57,1,161,0,0,39,1,0,1,0,1
1,39,5,877,0,0,15,0,2,1,1,0
0,32,14,495,1,0,36,1,1,0,1,1
1,51,12,392,0,0,26,0,0,1,0,0
1,53,5,194,1,0,19,0,0,0,1,0
0,23,12,114,0,0,27,0,2,0,0,0
1,23,11,296,0,0,29,0,1,0,0,0
1,11,7,784,1,0,36,0,1,0,1,0
0,64,4,539,1,0,25,1,1,0,0,1
1,46,3,874,0,0,22,0,2,0,0,0
0,14,1,488,0,1,19,1,1,1,0,1
0,47,12,155,1,1,16,0,0,0,0,1
1,54,8,230,0,0,26,1,0,0,0,0
1,50,13,233,0,0,16,0,1,0,0,0
1,63,3,275,0,0,30,1,1,0,1,1
1,69,13,826,0,0,35,1,0,0,0,1
0,56,2,839,0,1,17,0,0,1,0,1
1,23,11,958,0,0,24,1,0,1,0,1
0,65,4,138,0,1,33,0,0,0,0,1
1,48,3,737,0,0,22,0,0,0,0,0
1,34,13,579,1,0,21,1,1,0,1,1
1,29,1,420,0,0,15,0,2,1,0,0
0,11,3,985,1,0,26,1,1,0,0,0
1,48,12,962,1,0,19,1,1,0,1,1
1,15,2,448,1,0,30,0,2,0,1,0
1,26,8,155,1,1,39,0,1,0,1,1
1,68,6,320,0,1,18,1,2,0,0,1
0,34,9,880,1,0,31,0,2,0,0,0
1,66,8,552,0,0,38,0,2,0,1,1
0,37,10,728,0,0,35,0,2,1,1,0
0,11,3,574,0,0,16,1,1,1,0,1
0,44,5,898,1,0,26,0,1,0,0,0
0,46,7,81,0,0,15,0,2,0,0,0
0,14,5,442,0,0,26,0,1,0,0,0
0,10,8,89,0,1,26,0,0,0,0,0
1,49,12,709,0,1,26,0,1,0,1,1
0,21,5,267,0,0,33,1,2,1,0,1
0,65,1,780,0,1,39,0,0,0,0,1
0,45,5,131,1,1,31,0,2,1,0,1
1,54,4,894,0,1,34,1,2,0,0,0
1,32,6,769,1,0,38,0,0,0,0,0
0,56,3,250,0,0,38,0,1,0,0,1
1,40,11,496,1,0,25,0,0,0,0,0
0,20,5,893,1,0,27,0,1,1,0,0
0,19,2,477,0,0,22,1,1,0,0,0
1,12,11,87,0,0,24,0,2,1,0,0
0,63,6,260,1,1,22,0,2,1,1,1
1,23,13,493,0,1,34,0,1,1,1,1
1,25,12,376,0,0,22,0,2,0,0,0
0,19,6,810,1,0,23,0,2,0,1,0
0,38,5,276,0,0,21,0,2,0,0,0
1,19,6,97,1,0,28,0,2,0,1,1
0,21,11,67,0,0,16,0,1,0,0,0
0,39,7,961,0,1,39,0,0,0,0,0
0,50,12,488,1,1,25,0,2,0,0,1
1,10,5,856,0,1,22,1,0,0,1,0
1,14,1,757,1,1,27,1,1,0,0,1
0,29,8,236,0,0,35,0,1,1,0,0
1,17,4,394,0,1,29,1,0,0,0,1
1,52,9,273,0,1,17,0,0,0,1,0
1,21,14,879,1,0,37,1,0,1,1,1
1,10,10,537,1,0,28,0,2,0,0,0
1,66,12,958,1,1,29,1,2,1,1,1
0,63,6,926,1,1,16,1,1,1,0,1
0,29,1,898,0,0,33,0,2,1,0,0
0,37,3,278,0,0,26,0,0,0,1,0
1,66,3,439,0,0,39,0,1,0,0,1
1,52,10,638,0,0,34,0,2,0,1,0
0,46,12,237,0,0,18,0,2,1,0,1
1,56,12,907,0,0,17,1,0,0,0,1
0,46,4,319,0,0,19,0,2,0,0,0
0,21,6,656,0,0,17,0,1,1,0,0
0,46,7,359,1,1,39,0,2,0,0,1
1,58,10,181,1,0,29,1,2,1,0,1
1,58,4,600,0,0,33,0,2,1,0,1
0,65,6,121,1,1,16,1,1,0,0,1
0,53,11,842,1,0,26,0,0,0,0,0
0,65,1,894,0,1,19,0,2,1,1,1
0,37,14,721,0,0,36,1,1,1,1,1
1,56,8,236,0,0,31,0,0,1,0,1
1,24,7,535,1,0,28,1,1,1,0,1
0,15,11,240,1,0,36,0,2,1,0,0
0,53,11,471,0,1,24,1,2,0,0,0
1,68,9,169,0,0,17,0,2,0,1,1
1,29,3,269,0,0,18,1,2,0,1,0
0,59,2,102,0,0,20,0,2,0,1,1
0,23,1,783,0,0,38,0,0,0,0,0
0,11,3,500,0,0,39,0,2,1,0,0
1,18,5,461,1,0,36,1,0,1,0,0
1,46,14,692,0,1,30,0,0,0,1,1
1,29,11,286,0,0,21,1,1,1,0,1
0,35,2,807,0,0,29,0,2,1,0,0
0,38,12,787,0,0,35,1,1,1,0,1
1,10,3,769,0,1,39,0,0,0,0,0
1,64,4,455,1,1,34,1,2,0,0,1
0,44,7,657,0,0,25,1,0,0,0,0
1,15,13,471,1,0,36,1,1,0,1,1
1,46,3,761,0,0,35,0,1,0,1,0
0,62,9,296,1,0,15,1,0,0,1,1
1,68,8,121,1,0,19,0,1,0,0,1
0,14,4,879,0,0,27,0,0,1,0,0
0,42,13,234,0,1,35,0,2,1,1,1
0,58,1,55,0,0,28,0,1,1,0,1
0,60,1,255,1,1,23,1,1,1,0,1
0,23,1,593,0,0,31,0,1,1,0,0
0,21,1,660,1,0,29,1,2,0,0,0
0,51,8,955,0,0,35,0,0,0,0,1
1,29,3,436,0,0,21,1,0,0,0,0
0,62,6,817,0,0,36,0,2,0,0,1
0,59,3,748,1,0,36,0,1,0,0,1
1,33,11,125,0,1,26,0,0,0,0,0
1,68,5,226,1,0,37,1,2,0,1,1
1,52,13,876,0,1,20,0,2,1,0,0
0,43,14,848,1,0,35,1,2,1,0,1
1,34,13,398,0,1,30,0,2,0,0,0
0,59,7,304,1,1,19,0,2,0,0,1
0,38,2,886,0,0,23,0,1,1,0,0
0,66,6,751,0,0,28,0,0,1,0,1
0,48,13,357,0,0,22,0,1,0,1,1
1,40,6,394,1,1,28,0,0,1,0,0
1,65,11,176,0,0,26,0,0,0,1,1
0,56,3,986,0,1,24,0,2,1,1,1
0,52,6,336,0,0,34,0,1,0,0,0
0,59,10,815,1,0,34,1,0,0,1,1
1,32,10,774,0,0,35,0,2,0,0,0
0,53,14,811,0,0,27,0,2,1,0,0
0,47,5,645,1,0,33,1,0,0,0,0
1,29,12,536,1,0,29,0,1,0,1,1
1,32,2,432,0,0,22,0,1,0,0,0
0,54,9,455,1,0,37,1,0,0,0,0
1,61,8,437,1,0,35,0,2,0,0,1
1,25,3,574,0,1,24,0,1,0,0,0
0,59,8,606,0,0,17,0,2,0,1,1
1,51,14,688,1,0,35,0,2,0,0,0
0,69,9,987,0,0,17,0,0,0,0,1
1,64,14,675,1,1,19,1,2,1,1,1
0,17,3,994,1,1,30,0,0,0,0,1
0,59,3,325,1,0,31,0,1,0,0,1
0,30,2,549,0,0,20,0,2,0,1,0
1,10,8,766,1,1,34,0,0,0,0,1
0,64,10,386,1,0,34,0,1,0,1,1
1,17,1,999,0,0,30,0,0,0,0,0
0,38,8,981,0,0,38,0,2,0,0,0
0,41,7,530,1,1,16,0,2,0,0,1
1,47,14,946,0,1,34,0,0,0,0,0
0,14,7,960,1,0,29,0,1,0,1,0
0,56,3,322,0,1,32,0,1,0,1,0
1,31,1,969,0,1,15,1,0,0,1,0
0,56,4,107,0,0,33,0,1,0,0,1
0,43,9,377,1,0,26,0,2,0,0,0
0,10,5,780,1,1,22,0,1,1,0,1
0,64,1,158,1,1,20,0,2,0,1,1
1,64,5,328,1,1,26,0,2,0,0,1
1,35,13,735,1,1,21,1,2,0,0,0
0,52,8,377,0,0,32,0,2,1,0,0
1,19,8,825,0,0,36,0,2,0,0,0
0,39,5,364,0,0,28,1,0,0,1,0
1,59,12,523,0,0,22,1,1,0,1,1
0,27,9,160,0,0,38,0,2,0,0,0
0,26,1,748,0,1,34,0,1,0,0,0
0,35,4,830,1,0,36,0,0,0,1,0
0,17,3,984,0,0,28,0,2,1,1,0
0,56,2,278,0,0,19,0,1,0,0,0
0,49,8,546,0,1,23,0,2,1,0,0
1,58,7,205,0,0,22,0,1,0,1,1
0,21,9,522,1,0,16,1,1,0,0,0
1,36,2,750,1,0,30,0,2,0,0,0
0,17,14,321,0,1,27,0,2,0,0,0
1,34,14,936,1,0,21,0,0,1,0,0
1,55,4,51,0,0,30,0,2,0,1,0
1,13,14,807,0,0,21,0,0,1,0,0
0,42,6,771,0,0,28,1,1,1,0,1
0,10,11,560,0,1,28,1,2,0,0,0
1,28,3,962,1,1,26,1,2,1,0,0
0,40,8,335,1,0,15,1,0,0,0,0
1,25,3,920,0,0,15,0,1,0,0,0
0,23,14,62,0,1,26,1,0,1,0,1
1,62,12,657,0,0,34,1,0,1,1,1
1,57,13,547,1,0,35,0,0,0,1,1
0,14,13,782,1,1,29,0,1,0,0,1
1,50,2,287,0,0,18,1,1,0,0,0
0,35,13,143,1,0,21,0,2,0,0,0
1,37,13,387,0,0,30,0,1,0,0,1
1,11,3,830,1,0,17,1,0,0,0,0
0,59,11,220,0,0,21,1,1,1,0,0
0,15,6,655,0,1,38,0,0,0,0,0
0,18,2,710,0,0,36,0,0,0,0,0
1,42,8,673,1,1,20,0,0,0,0,1
0,50,1,616,0,0,30,1,2,0,0,0
1,34,7,898,0,1,38,0,1,0,0,0
1,57,2,985,0,0,22,0,2,1,0,0
0,22,10,516,0,0,37,1,1,0,0,0
0,18,12,677,0,0,36,0,2,0,1,1
1,62,6,192,0,1,20,0,0,0,1,1
1,22,12,250,0,0,24,1,2,1,0,1
0,40,2,229,1,0,30,0,2,0,0,0
0,50,2,763,1,0,25,0,1,0,0,0
0,20,10,413,1,1,27,1,2,0,1,1
0,13,13,528,0,0,20,0,2,1,0,0
0,43,8,614,0,0,38,1,0,0,0,0
1,47,12,520,0,1,15,0,2,1,0,0
1,55,2,433,1,0,35,1,1,0,1,0
1,13,7,741,1,0,33,1,0,0,0,0
1,47,3,975,0,0,26,0,1,1,0,0
0,28,8,466,0,0,38,0,2,0,1,0
0,15,7,874,1,0,20,0,0,0,0,0
0,43,14,357,0,0,32,0,1,0,0,0
1,27,8,698,1,0,27,1,2,0,0,0
1,22,14,743,1,0,21,0,2,0,0,0
0,50,7,416,0,0,37,0,0,0,0,0
0,32,11,50,1,0,27,1,0,0,0,0
1,28,6,93,0,1,35,0,1,0,0,0
1,54,13,788,1,0,22,0,2,0,1,1
0,20,7,892,1,0,35,0,1,1,1,1
0,10,5,147,1,1,31,0,0,0,0,1
1,33,7,769,0,1,23,1,0,0,1,0
0,63,1,314,0,0,34,0,0,0,0,1
0,16,1,849,0,0,27,0,2,0,0,0
0,34,9,832,1,0,16,0,1,0,0,0
1,30,14,189,1,0,18,0,2,0,0,0
1,24,5,530,0,1,39,0,2,0,0,0
1,10,13,286,0,0,16,0,1,0,0,0
1,21,5,953,0,0,18,0,1,1,1,0
1,67,3,121,1,0,32,0,0,0,1,1
1,16,5,716,0,1,19,0,1,0,0,0
1,24,3,239,0,0,33,0,2,0,1,0
0,30,9,317,1,1,24,0,0,0,0,1
0,28,9,370,0,0,32,1,0,1,0,1
0,69,6,156,1,0,39,0,2,1,0,1
0,38,1,281,0,0,35,1,2,0,1,0
0,34,7,91,0,1,24,0,0,0,0,0
0,42,7,751,0,0,19,0,0,0,1,0
0,58,14,932,0,0,31,0,1,0,0,1
1,41,10,188,1,0,36,0,1,1,1,0
1,58,10,664,0,0,27,0,1,1,0,1
0,44,4,732,1,0,37,1,0,0,1,0
0,53,8,912,1,0,31,0,0,0,1,0
1,47,6,322,0,0,23,0,0,0,0,0
0,35,4,530,0,0,38,0,0,0,1,0
0,20,4,465,0,1,26,0,2,0,0,0
1,44,2,555,1,0,28,0,2,1,1,0
0,17,14,782,0,0,28,0,1,0,0,0
1,55,2,774,0,1,22,0,2,0,0,0
0,23,12,902,1,0,37,0,0,1,1,1
1,19,14,473,1,0,19,1,2,0,0,0
1,11,4,456,1,0,33,0,2,0,0,0
1,55,5,617,1,0,28,0,2,0,1,0
0,18,8,439,0,1,23,1,0,0,1,0
1,12,6,391,0,0,21,1,2,0,0,0
0,30,14,995,0,1,22,0,0,0,0,0
0,35,4,663,0,0,28,0,0,1,0,0
0,17,13,982,1,1,36,1,1,1,0,1
0,57,11,542,0,1,28,0,1,0,0,0
1,11,7,241,0,0,25,0,0,1,1,0
1,15,8,548,0,0,28,1,0,0,0,0
0,37,2,871,1,0,35,1,1,1,0,1
0,62,12,761,0,0,22,0,0,0,0,1
1,38,7,282,1,1,17,1,2,1,0,1
0,35,14,994,1,1,37,0,0,0,0,1
1,34,2,276,0,0,32,0,0,1,0,0
0,21,2,420,1,1,17,1,1,0,0,1
0,14,8,188,0,0,27,1,1,0,1,0
1,43,2,905,0,0,26,1,0,0,1,0
0,57,11,866,0,0,29,1,2,1,0,1
1,46,9,198,1,0,32,1,0,1,0,1
0,24,12,164,1,0,19,0,0,0,1,1
0,53,1,499,1,0,21,1,1,0,0,0
0,45,9,112,0,1,25,0,2,0,0,1
1,24,1,153,1,1,25,0,2,0,1,1
0,52,10,900,1,0,29,1,1,0,1,0
0,57,13,920,1,0,24,1,1,0,0,1
0,32,10,717,1,0,29,1,1,0,0,0
0,15,2,322,0,0,27,1,0,0,0,0
1,55,6,55,0,1,28,0,0,1,0,0
1,59,6,196,1,0,31,1,2,0,0,1
0,53,1,233,0,0,27,0,2,1,1,0
1,68,7,77,0,1,24,0,1,0,0,1
0,52,8,599,0,0,39,0,2,0,0,0
0,54,2,168,0,1,15,0,1,0,0,0
0,30,8,342,0,0,15,0,0,0,1,0
1,32,9,420,0,0,29,1,1,0,1,0
1,52,6,293,1,0,30,1,2,0,0,0
1,64,5,629,0,0,26,0,1,0,0,1
1,25,12,775,0,0,38,1,0,1,0,1
1,56,9,267,1,0,20,0,2,1,0,1
1,62,13,226,1,0,20,0,1,0,0,1
1,69,12,348,0,0,26,0,2,1,0,1
1,24,11,725,0,0,39,0,2,0,0,0
1,34,9,107,0,1,29,0,1,0,0,0
0,45,1,318,0,0,18,0,2,0,0,0
1,20,11,357,0,1,38,0,2,0,1,1
1,60,3,619,0,1,18,0,0,0,1,1
1,24,9,337,0,0,16,0,1,0,0,0
1,13,11,154,0,0,38,0,2,0,0,0
1,30,2,277,0,1,26,0,2,1,0,1
1,22,12,296,0,0,21,0,0,0,0,0
1,31,4,749,1,0,34,0,2,0,0,0
1,28,4,543,0,0,23,0,0,0,0,0
1,43,2,132,0,1,23,1,0,0,0,0
1,23,3,235,1,0,22,0,2,0,1,0
1,13,13,301,0,0,28,1,0,0,0,0
0,57,3,404,0,0,15,0,0,0,0,1
0,62,1,799,1,1,37,0,2,0,0,1
1,61,6,921,0,1,35,0,0,1,0,1
1,55,8,745,0,0,37,1,2,0,1,0
0,36,12,845,0,0,26,0,0,0,0,0
1,38,3,946,1,1,39,0,2,1,0,1
0,56,5,987,0,1,16,1,2,0,0,1
0,37,1,259,0,0,27,1,1,1,0,1
0,44,10,865,1,1,18,0,0,0,0,1
0,17,7,857,0,0,34,0,0,0,0,0
0,25,10,658,0,1,32,1,0,0,1,0
1,51,13,496,1,1,33,0,2,0,0,0
0,45,1,509,0,0,30,0,1,1,0,0
1,39,12,521,0,0,28,0,0,0,0,0
1,27,11,769,1,0,22,0,0,0,0,0
0,11,9,419,1,0,26,0,0,0,0,0
0,58,8,949,1,0,23,0,2,0,0,1
1,22,7,983,1,0,20,0,2,0,1,0
0,13,10,541,0,1,32,1,2,0,0,0
0,35,7,972,0,0,16,1,1,0,1,0
1,34,5,186,1,0,37,0,2,0,1,0
1,39,5,416,1,0,22,0,0,1,0,0
0,20,11,961,1,1,38,0,0,0,1,1
1,16,13,233,0,0,28,0,2,0,0,0
0,40,5,637,1,0,20,0,2,0,0,0
0,53,1,336,0,0,24,0,2,0,0,1
0,19,8,521,0,1,22,1,2,0,0,0
1,48,12,424,1,1,31,0,2,0,0,1
1,22,11,703,0,0,39,1,1,0,0,0
1,40,1,798,0,1,26,0,2,1,0,0
1,16,4,586,0,0,31,1,1,0,1,0
1,65,9,560,0,0,27,0,0,1,0,1
0,58,14,851,1,1,33,1,2,0,0,1
0,51,9,628,1,0,26,1,1,0,0,0
0,51,5,299,0,0,30,1,2,0,0,0
0,65,4,969,1,0,39,0,1,1,0,1
1,45,3,559,1,1,19,0,1,0,0,1
0,29,3,679,1,1,39,0,0,0,0,1
1,13,12,122,1,0,30,0,2,0,0,0
0,63,5,331,0,1,39,0,0,0,1,1
1,16,10,965,1,0,20,0,1,1,0,0
1,63,1,409,0,1,25,0,1,0,1,1
0,10,5,59,0,0,31,1,0,0,0,0
0,53,6,260,0,0,37,0,0,0,0,0
0,65,7,884,1,0,28,0,2,0,1,1
0,54,12,201,0,1,20,0,2,0,0,0
1,51,9,54,1,0,39,0,0,0,0,0
0,56,3,244,0,1,37,0,2,0,0,1
0,68,2,332,0,0,25,1,2,1,1,1
1,22,14,513,0,1,26,0,0,1,0,0
0,64,3,162,0,0,27,0,1,0,0,1
0,31,12,320,0,0,18,0,1,1,0,0
0,63,9,212,1,1,21,0,1,0,0,1
0,30,12,509,0,0,16,0,1,0,0,0
0,31,7,154,0,1,20,0,0,0,0,0
1,37,9,742,1,0,20,1,0,0,0,0
0,18,13,605,0,0,32,1,0,0,1,1
0,35,2,331,0,0,34,0,1,1,1,0
0,18,5,736,0,0,22,0,1,0,1,0
0,24,13,211,0,1,22,1,1,1,0,1
0,19,4,400,0,0,22,0,1,0,0,0
1,33,2,483,1,1,22,0,2,0,0,1
0,67,9,901,0,0,15,0,2,0,0,1
1,66,9,189,1,0,16,1,2,0,0,1
1,51,6,520,0,0,26,0,0,0,0,0
0,17,11,181,1,1,29,0,0,0,1,1
0,33,6,136,1,0,18,0,2,0,1,0
0,25,8,737,0,0,39,0,2,0,0,0
0,58,6,232,0,0,17,1,2,0,0,1
1,35,1,417,1,1,28,0,2,0,0,1
0,36,4,178,0,1,36,1,0,1,0,1
0,46,13,295,1,1,37,1,2,0,0,1
0,13,7,650,1,0,22,0,2,1,0,0
0,59,13,627,0,1,27,0,2,0,0,1
0,33,13,719,0,0,37,0,1,0,1,1
0,28,2,948,1,1,33,1,2,0,0,1
1,45,9,427,1,0,36,0,2,0,0,0
1,69,8,198,1,0,19,0,1,0,0,1
0,48,8,901,1,0,27,0,1,0,1,0
0,19,7,482,0,0,34,0,1,0,0,0
0,34,4,677,0,1,15,0,0,0,0,0
1,27,2,775,1,1,30,0,0,0,0,1
0,28,3,518,0,1,37,1,0,0,1,0
1,45,12,495,0,0,38,1,0,0,1,1
0,19,6,530,1,0,16,0,1,0,0,0
0,42,12,933,0,0,21,0,2,0,0,0
0,64,12,343,0,0,20,0,0,0,1,1
0,59,5,814,1,0,19,0,0,0,0,1
1,14,12,192,1,0,18,1,0,0,1,1
1,56,8,299,0,0,16,1,2,0,0,1
0,58,6,927,0,1,24,0,1,0,0,1
0,44,6,997,1,0,36,1,1,0,0,0
1,53,1,351,1,0,19,0,1,0,0,0
1,43,4,74,0,0,32,0,0,0,0,0
1,42,5,838,0,0,24,0,2,0,0,1
1,64,12,938,0,0,37,0,0,0,0,1
0,30,11,939,0,1,36,0,2,0,0,0
1,26,3,950,1,0,29,0,1,0,0,0
0,31,13,119,0,0,23,1,2,0,0,1
1,57,9,674,0,1,25,0,1,1,1,1
1,46,1,924,0,0,35,0,2,0,1,0
1,24,6,161,1,0,39,0,0,0,0,0
1,44,6,413,0,0,39,1,0,1,0,1
1,37,10,352,0,1,31,0,2,0,1,0
0,16,5,520,0,0,35,0,1,0,0,0
0,41,12,140,0,0,23,0,0,1,0,0
1,20,5,579,1,0,37,0,1,0,0,0
1,19,10,710,0,0,30,0,1,0,1,0
0,18,14,788,0,0,20,0,2,0,0,0
1,23,13,775,0,0,36,1,1,0,0,0
1,22,5,921,0,0,25,0,2,0,0,0
0,66,6,712,0,0,37,0,2,0,1,1
1,34,8,241,1,0,31,0,1,0,0,0
1,11,2,601,0,1,18,0,1,0,0,0
0,44,6,291,1,0,29,1,2,0,0,0
0,16,1,187,1,0,15,1,2,0,0,0
0,30,4,394,1,0,36,0,0,0,0,0
1,27,14,229,0,1,34,0,0,0,0,0
0,12,10,761,0,0,15,0,2,0,1,0
0,51,3,552,0,1,23,0,1,0,0,0
0,63,9,252,0,1,26,0,2,1,1,1
0,48,3,622,0,0,18,0,0,0,1,0
0,50,6,241,1,0,36,0,0,0,0,1
0,58,1,54,0,0,27,0,2,0,0,1
1,20,12,939,1,1,21,0,0,0,0,1
1,48,6,286,1,0,22,0,0,0,0,0
0,33,4,742,0,1,27,0,1,0,0,0
0,69,8,360,1,0,25,0,0,0,1,1
0,55,13,598,1,0,23,0,2,1,1,1
1,28,11,105,0,0,39,0,1,0,1,0
1,13,9,492,0,0,38,0,0,0,0,0
1,35,4,286,0,1,30,1,2,0,1,0
1,47,10,919,0,0,24,0,2,0,0,0
1,51,12,910,0,1,25,0,2,0,0,0
1,41,10,246,0,0,26,0,2,1,1,0
1,48,6,634,1,0,28,1,2,0,1,0
1,54,1,620,0,1,33,1,1,1,0,1
1,55,4,801,0,0,26,1,1,0,0,1
0,45,7,563,0,0,32,0,2,0,0,1
0,49,12,498,0,1,35,1,0,0,0,1
0,46,1,409,1,1,31,0,0,0,0,1
0,42,8,749,1,1,17,1,0,0,0,0
1,45,12,868,0,0,15,1,2,1,0,1
1,12,10,79,1,0,33,1,0,0,0,0
0,18,12,828,0,1,18,1,2,1,0,1
1,17,11,157,1,1,37,0,1,1,0,1
0,42,6,893,0,0,30,0,0,1,0,1
1,68,5,984,0,0,26,0,1,0,0,1
0,15,10,651,1,0,35,1,1,0,1,0
1,50,11,766,1,0,35,1,0,0,0,0
1,48,14,940,0,1,27,0,1,0,0,0
0,13,9,494,0,0,31,0,1,1,0,0
1,22,2,942,0,0,22,1,2,0,1,0
0,58,5,487,1,1,27,0,0,1,0,1
0,69,6,781,0,0,34,0,2,0,1,1
0,11,7,939,0,0,19,1,1,1,1,1
0,69,5,655,1,0,32,0,2,0,1,1
1,14,9,506,0,1,29,1,0,0,0,0
1,53,1,664,1,0,26,0,2,0,0,0
1,36,7,784,1,0,31,1,2,0,0,0
0,41,10,747,1,0,39,0,2,0,0,0
1,30,7,745,1,0,29,1,1,1,0,1
0,17,4,544,1,1,16,0,2,0,0,1
1,47,9,723,0,1,20,1,1,0,1,0
1,17,14,296,1,0,31,0,1,1,0,0
1,59,12,592,1,1,30,0,2,0,0,1
0,12,11,613,1,0,31,0,0,1,0,0
1,63,5,906,0,0,39,0,1,0,0,1
1,53,4,637,0,0,34,0,1,1,0,0
0,67,13,946,0,0,23,0,0,0,1,1
1,12,7,488,0,0,19,1,2,0,0,0
0,31,4,327,0,1,37,0,0,1,1,0
1,15,3,601,1,0,15,1,1,0,1,0
0,11,9,662,0,0,20,0,1,0,0,0
0,32,11,160,0,0,38,1,0,0,0,0
1,53,8,434,0,1,28,0,1,0,1,0
0,11,1,882,1,0,31,0,0,0,0,0
0,47,7,810,0,1,39,0,1,0,0,0
0,26,9,240,1,1,33,0,2,0,0,0
0,44,8,539,0,1,15,1,2,1,0,1
0,43,8,743,0,0,15,0,0,0,0,0
0,32,13,475,1,1,27,1,0,1,0,1
1,39,6,454,0,1,28,0,2,0,0,1
0,61,11,384,1,1,20,0,2,0,0,1
0,17,4,258,0,1,20,0,0,0,0,0
1,31,8,71,0,0,15,1,0,1,0,1
1,53,3,727,1,1,28,1,0,0,1,1
1,67,13,660,1,1,17,1,1,0,1,1
1,45,9,257,0,0,37,1,1,1,1,1
1,14,13,57,1,0,24,1,0,0,0,0
1,22,2,751,1,0,33,0,2,0,0,0
1,38,2,736,1,0,33,1,0,1,0,1
0,40,12,834,0,1,33,0,1,0,0,1
0,56,13,578,0,0,37,0,1,0,0,1
1,66,12,651,1,1,18,0,2,0,0,1
0,64,7,702,1,0,34,0,1,0,0,1
0,25,12,706,1,0,33,0,1,0,1,1
0,51,10,215,1,1,24,0,1,0,1,1
1,39,4,898,0,0,39,1,2,0,0,0
1,66,10,545,0,0,16,0,2,0,0,1
0,64,8,639,1,0,18,0,0,0,0,1
1,25,9,478,1,0,38,0,2,1,1,0
0,21,7,823,1,0,20,0,2,1,1,0
0,26,5,212,0,1,21,0,0,0,0,0
0,25,8,415,0,1,30,0,0,0,0,0
0,21,4,575,0,0,21,1,2,1,0,1
1,17,2,288,1,0,32,0,0,1,0,0
1,29,11,121,1,0,34,0,2,0,0,0
1,12,12,494,1,0,36,1,1,0,0,0
0,25,6,704,1,0,33,1,1,0,0,0
1,39,9,871,0,0,23,1,2,0,0,0
0,54,1,558,0,0,34,0,2,0,0,0
1,32,11,844,0,0,24,1,2,0,0,0
0,37,10,318,0,0,27,0,0,0,0,1
0,60,12,802,1,0,32,0,1,1,1,1
0,49,7,464,0,0,30,0,0,0,0,0
1,63,10,294,1,1,36,0,0,0,0,1
1,14,9,724,1,0,31,0,1,0,1,0
1,29,10,109,0,0,36,0,0,1,0,0
1,49,9,55,1,0,27,1,2,0,1,0
0,65,10,758,0,0,26,0,0,1,0,1
1,53,11,619,1,0,24,0,0,1,0,0
1,10,13,866,0,1,15,0,0,0,1,1
0,66,3,456,0,0,22,0,0,0,0,1
0,39,11,266,1,0,35,1,2,0,0,0
0,30,13,979,0,0,36,0,1,0,0,0
1,29,5,75,1,1,32,1,2,0,0,1
0,15,8,864,0,0,16,0,1,0,0,0
0,31,8,54,0,0,30,1,0,0,0,0
0,27,4,581,0,0,26,0,2,1,0,0
1,17,12,439,0,0,23,1,0,0,1,1
0,48,11,759,1,0,17,0,2,0,0,0
1,41,11,620,0,0,36,0,2,1,1,1
1,42,1,497,0,0,35,1,2,0,0,0
0,62,1,803,0,0,18,0,1,0,0,1
0,25,4,195,1,1,16,0,2,0,1,1
1,21,6,437,0,0,22,0,2,0,0,0
0,47,8,834,0,0,24,0,1,0,1,0
0,61,6,298,1,0,30,0,0,1,0,1
1,43,12,575,0,0,37,0,2,1,0,0
1,23,9,511,1,1,25,0,1,0,0,1
0,45,9,62,0,1,32,0,2,0,0,0
1,42,14,952,0,0,36,0,0,0,0,0
0,32,2,433,0,1,28,1,2,0,0,0
0,59,10,605,0,0,22,1,2,0,0,1
0,54,1,936,0,0,37,1,2,0,0,0
1,11,2,448,1,0,29,1,0,0,0,0
0,50,5,68,1,1,31,0,1,1,0,1
0,30,4,624,0,1,35,0,1,0,0,0
0,11,4,540,1,0,32,1,2,0,0,0
1,36,9,800,1,0,20,0,2,0,0,0
1,66,11,468,0,0,37,0,1,0,0,1
1,18,8,386,1,0,28,0,0,0,1,0
1,10,6,468,1,0,37,0,0,0,0,0
1,20,1,964,0,0,17,0,2,0,0,0
0,12,2,965,1,0,21,1,1,0,0,0
1,61,6,661,0,0,29,1,0,0,0,1
1,32,11,724,0,1,35,1,1,0,0,0
1,35,2,977,0,1,38,0,2,1,0,1
0,13,13,171,1,0,30,1,2,0,0,0
1,27,10,481,0,0,30,0,0,0,0,0
1,64,5,93,0,1,22,1,0,0,1,1
0,15,14,921,0,1,21,0,1,0,0,0
1,44,5,969,1,0,20,1,1,0,0,1
0,31,6,366,0,1,16,1,2,1,0,1
0,52,6,430,0,0,36,1,1,0,1,0
0,24,14,194,0,0,27,0,1,0,1,1
0,31,6,376,0,0,26,1,2,1,1,1
0,69,14,412,0,0,29,0,2,0,1,1
1,46,2,99,0,0,23,1,2,0,0,1
0,61,14,114,1,0,16,0,2,0,0,1
0,51,10,404,0,0,31,0,0,0,0,0
1,21,14,849,1,0,19,1,2,0,0,0
0,56,13,213,0,0,25,0,0,1,0,1
1,58,14,190,1,1,36,0,1,1,0,1
1,51,3,875,0,1,33,1,1,0,0,0
1,47,14,177,1,1,38,1,0,0,0,0
0,27,6,447,0,1,21,0,2,0,0,0
0,54,13,982,0,0,16,0,2,0,0,0
0,44,8,929,1,0,30,0,2,0,1,0
1,39,12,512,1,0,26,0,0,0,0,0
0,33,13,800,1,0,37,0,2,0,0,1
0,51,11,885,0,0,29,1,0,0,0,0
0,39,12,857,0,0,15,0,0,1,0,0
1,23,1,236,0,0,39,0,0,0,0,0
1,15,1,769,1,1,27,0,0,0,1,1
0,12,11,781,0,1,37,0,1,0,0,0
0,25,13,961,0,0,20,0,1,0,1,1
0,16,2,239,0,0,27,1,2,1,0,1
0,61,11,437,0,1,32,0,2,0,0,1
1,23,12,478,1,1,17,0,0,0,1,0
1,18,12,907,1,0,15,1,2,1,0,1
1,24,6,333,1,1,29,0,0,0,1,1
1,30,9,913,1,0,27,1,2,0,1,0
0,44,4,286,1,0,19,0,1,0,0,0
0,11,3,243,1,0,39,0,0,1,1,0
0,36,12,336,1,0,27,1,1,0,0,0
1,11,8,820,0,0,36,0,0,0,1,0
0,44,11,807,0,0,19,0,2,0,1,1
1,27,10,185,0,0,33,0,0,0,0,0
1,23,14,841,0,0,35,1,2,0,0,0
0,29,9,832,1,1,38,1,0,0,1,1
0,27,12,220,0,0,32,0,2,0,0,0
0,19,11,208,1,0,35,1,2,0,0,0
1,34,5,250,0,0,36,0,2,0,0,0
0,11,9,536,1,0,24,0,2,0,1,0
1,34,2,606,0,0,38,0,1,0,0,0
0,63,3,825,1,1,22,0,2,0,0,1
1,42,7,632,1,0,29,0,0,1,1,0
1,45,7,553,0,0,35,0,0,0,0,0
0,40,6,925,1,0,39,0,1,1,0,0
1,23,6,420,0,0,34,0,2,0,0,1
1,10,2,152,0,1,39,0,2,1,0,0
0,55,10,174,0,0,37,1,0,0,0,0
1,25,6,362,0,1,36,1,2,0,0,0
0,63,4,847,0,0,18,0,0,0,0,1
1,55,12,507,1,0,16,0,1,0,0,0
0,61,3,279,0,1,38,0,1,0,0,1
0,12,13,707,0,0,20,0,0,0,0,1
1,44,11,931,0,1,17,1,2,0,0,0
1,50,13,246,1,1,21,0,0,0,0,0
1,15,2,934,0,0,24,0,2,0,1,0
1,34,1,782,0,0,37,0,1,0,0,0
1,22,11,472,0,0,20,0,2,1,0,0
0,62,11,621,0,0,30,1,2,0,0,1
1,43,5,659,1,0,16,0,0,0,0,0
0,17,2,220,1,0,38,0,1,0,0,0
0,30,2,431,0,1,31,1,2,0,1,1
1,43,7,222,0,1,27,0,2,0,0,0
0,13,8,712,0,0,15,0,0,0,1,0
0,34,13,502,1,0,20,0,2,0,0,0
0,24,10,399,0,0,19,1,1,0,0,0
0,13,8,951,0,0,39,1,2,1,1,1
1,54,14,683,0,0,27,0,2,0,0,0
0,69,4,543,0,1,37,1,2,0,0,1
1,21,14,669,1,1,32,0,1,1,0,1
1,41,1,53,0,0,26,1,2,0,0,0
0,41,11,142,1,0,21,0,0,0,1,1
1,37,7,968,0,0,29,0,2,1,1,0
1,22,1,55,1,1,17,0,2,0,0,1
1,40,11,337,0,0,30,1,1,1,0,1
0,23,4,667,1,1,15,0,1,0,0,1
1,29,8,195,0,1,30,0,2,0,1,0
1,27,2,832,0,0,38,1,0,0,0,0
1,38,6,473,0,1,26,0,1,0,0,0
0,69,13,939,1,0,33,1,2,0,0,1
1,15,6,657,1,1,22,0,2,1,1,1
0,41,12,506,1,0,37,0,2,0,0,1
0,38,9,790,0,0,26,1,2,0,1,0
0,52,5,251,1,0,29,0,0,1,1,0
0,11,10,261,0,0,16,0,1,0,0,0
0,69,4,55,0,1,31,1,1,1,0,1
0,32,5,673,0,0,21,0,2,0,0,0
1,28,12,425,0,0,27,0,2,0,0,0
0,40,12,940,0,1,15,0,0,0,0,0
1,60,10,496,1,0,20,0,0,0,0,1
1,14,11,884,0,1,27,1,2,0,0,0
0,28,5,155,0,0,25,1,2,1,0,1
1,43,8,700,1,0,24,0,1,0,1,0
1,19,10,860,0,1,30,1,1,0,1,0
1,34,12,450,0,0,38,0,2,0,0,0
1,11,8,145,0,0,37,1,2,0,0,0
0,20,2,437,1,0,34,0,0,1,1,0
1,59,7,501,0,0,31,0,1,0,0,1
0,40,8,898,1,0,31,0,2,1,0,0
1,65,11,858,1,0,18,1,0,1,0,1
1,24,6,950,0,0,19,1,2,0,1,0
0,18,5,465,0,1,37,1,1,1,0,1
1,32,11,775,0,0,28,1,1,1,0,1
1,28,9,553,1,0,34,1,0,0,0,0
1,18,13,503,0,0,24,0,1,1,1,1
0,44,3,340,0,0,28,0,0,1,1,0
1,30,12,583,1,0,15,0,0,1,0,0
0,18,13,242,0,0,25,0,1,1,0,0
1,37,13,199,1,0,37,0,1,0,0,0
0,55,10,929,0,0,32,0,2,0,0,0
0,60,4,808,0,0,30,0,2,0,0,1
1,16,9,828,1,0,32,0,1,0,1,0
1,25,6,812,1,0,22,0,1,1,0,0
0,25,8,564,1,0,24,1,1,1,1,1
0,69,7,442,1,1,24,1,2,0,0,1
1,42,11,365,0,0,19,0,1,0,0,0
0,13,2,125,0,0,24,1,1,0,0,1
1,13,3,648,1,1,32,0,0,0,1,1
1,48,1,319,1,1,35,0,1,0,1,1
1,49,9,274,0,0,38,1,2,1,0,1
1,26,13,579,0,0,20,1,2,0,0,0
0,46,7,162,1,0,17,0,2,0,0,0
1,48,1,300,1,1,22,0,0,0,0,1
0,69,3,282,0,1,23,1,2,0,0,0
1,61,4,890,1,0,19,0,1,0,0,1
0,38,4,840,1,0,16,0,0,0,1,0
1,61,5,763,0,1,16,1,2,0,0,1
0,45,14,132,0,0,21,1,1,0,0,0
0,69,3,174,0,0,31,0,2,0,0,1
1,47,3,224,0,1,24,1,2,0,0,0
1,48,1,118,0,1,26,0,2,0,1,0
1,59,7,96,1,1,16,0,2,0,1,1
1,46,11,933,1,0,24,0,2,1,1,1
0,61,10,305,1,0,34,0,1,0,0,1
1,44,14,776,1,0,15,0,2,1,0,0
0,16,1,79,0,0,18,0,1,0,0,0
0,36,2,330,0,0,27,1,2,0,1,0
1,37,13,973,0,0,26,0,2,0,1,1
0,31,4,286,0,0,25,0,2,1,1,0
0,23,13,297,1,1,24,1,1,0,0,1
0,16,4,417,1,0,29,0,2,0,1,0
0,46,5,544,0,0,19,1,0,0,1,0
1,31,11,74,0,0,39,1,0,0,0,0
1,14,2,635,0,0,31,1,0,0,0,0
1,64,4,767,0,1,19,0,0,0,0,1
1,11,1,539,0,0,16,0,2,1,1,0
0,36,2,543,0,0,23,1,0,1,0,1
0,30,1,363,1,0,20,1,1,0,0,0
1,63,10,655,0,0,32,1,0,1,1,1
1,47,10,424,0,0,28,0,2,0,1,1
1,24,13,688,1,0,33,1,2,1,0,1
0,30,4,986,0,0,28,0,0,0,0,0
1,19,4,74,1,0,22,1,1,0,1,0
1,32,7,383,0,0,31,0,0,0,0,0
1,67,10,404,1,0,17,1,2,0,0,0
0,65,11,165,0,0,24,0,1,1,1,1
0,48,11,97,1,0,31,1,2,0,0,0
0,14,9,787,0,1,25,1,0,0,0,0
0,10,9,827,1,1,22,0,2,0,0,1
0,22,5,148,1,0,15,0,1,0,0,0
0,30,10,508,0,0,27,0,1,0,1,0
0,35,1,572,0,0,35,0,1,0,1,0
0,59,1,646,1,0,18,0,2,0,0,1
1,54,6,454,1,1,21,0,1,0,0,1
1,30,2,263,0,0,28,1,0,0,0,0
0,62,8,734,0,0,19,0,0,0,0,1
0,27,13,952,0,0,38,0,1,0,0,0
1,46,9,552,1,0,25,0,0,1,0,0
0,54,13,770,0,0,31,0,0,0,0,0
0,41,4,497,1,1,19,1,0,0,0,1
0,45,5,943,1,0,34,1,2,0,0,0
1,26,11,625,0,1,17,0,1,0,1,1
1,44,8,307,0,0,19,0,2,0,0,0
1,58,3,893,0,0,29,1,0,0,0,1
1,69,5,170,1,0,33,0,2,0,1,1
1,20,3,859,0,0,30,0,1,0,0,0
0,30,12,103,0,0,22,1,1,1,0,1
1,61,10,380,0,0,27,0,2,1,0,1
0,64,3,833,1,1,30,0,1,1,1,1
0,62,3,290,1,0,17,0,1,0,0,1
1,35,13,804,1,0,15,0,0,0,1,1
1,13,12,579,0,0,23,0,0,1,0,0
0,43,7,532,1,0,23,0,0,0,1,0
0,61,7,236,0,1,36,0,1,0,0,1
0,57,7,907,1,1,31,0,0,0,0,1
1,69,10,705,0,0,38,0,2,0,0,1
1,27,8,311,1,0,16,0,0,0,0,0
1,49,5,413,0,0,23,0,1,0,0,0
1,44,5,540,0,0,38,1,2,0,1,0
1,50,14,480,1,1,33,1,1,0,1,1
0,38,4,288,0,0,27,1,1,0,1,0
1,61,7,353,0,1,19,1,0,0,1,1
0,38,10,347,0,0,23,0,2,0,0,0
0,47,4,125,0,1,27,0,0,0,0,0
0,51,2,749,1,0,15,0,1,0,1,0
1,30,4,382,1,1,39,0,2,0,0,1
1,51,13,949,1,0,29,0,0,1,0,0
1,22,13,807,1,0,18,0,0,0,1,1
0,58,8,691,1,0,18,0,2,0,0,1
0,50,9,523,1,0,34,0,1,0,0,0
0,26,3,876,0,0,24,0,2,1,0,0
0,65,7,972,0,1,39,0,1,1,0,1
0,18,14,332,1,0,20,1,2,0,0,0
0,50,12,640,1,0,38,0,0,0,1,1
1,10,14,121,0,1,26,0,1,0,0,0
1,11,9,312,1,1,34,1,0,0,0,1
1,69,11,752,1,0,30,0,1,0,0,1
1,57,4,928,1,0,17,1,2,1,0,1
0,38,10,936,0,0,28,1,0,1,0,1
0,42,3,991,0,0,15,0,2,1,0,0
1,19,5,624,1,1,24,0,1,0,0,1
0,59,1,941,0,1,29,0,1,0,0,1
1,67,3,61,0,0,21,0,0,0,0,1
1,69,8,190,0,1,18,0,0,1,0,1
1,49,11,815,0,0,28,0,2,1,0,0
0,30,8,604,0,0,38,0,2,1,0,0
1,37,13,66,1,1,30,0,1,0,0,1
1,20,4,112,1,0,28,1,0,0,1,0
1,64,2,302,0,1,17,0,1,0,1,1
0,43,13,514,0,0,31,0,2,0,0,0
0,17,8,425,0,1,35,0,1,0,0,0
1,68,8,853,0,0,28,0,2,0,1,1
0,31,10,569,0,0,32,0,2,1,0,0
0,17,4,886,1,0,17,0,1,0,0,0
0,58,3,139,0,0,36,0,2,0,1,1
0,24,2,769,0,1,33,1,1,0,1,0
0,26,9,853,0,0,17,0,1,1,0,0
0,69,1,845,0,0,26,0,2,0,1,1
0,32,7,679,0,0,36,0,2,1,0,0
0,33,5,910,1,1,19,0,0,0,0,1
0,54,8,224,0,0,24,1,0,0,0,0
0,28,4,125,1,1,23,0,0,0,0,1
1,14,7,662,0,0,15,0,0,0,0,0
1,41,13,975,0,1,27,1,0,0,0,0
0,53,5,712,1,0,17,1,2,0,0,0
1,10,14,449,0,1,33,1,2,0,0,0
1,32,5,831,0,0,25,0,2,1,0,0
0,46,14,120,0,0,30,0,0,0,0,0
0,17,9,229,1,1,20,0,0,0,0,1
0,22,9,173,0,0,38,0,2,0,0,0
1,17,13,430,0,1,17,0,2,0,1,1
1,66,9,342,0,0,33,1,2,0,1,1
0,32,12,846,1,0,20,0,2,0,0,0
0,52,6,244,0,0,22,0,1,0,0,0
0,10,6,960,0,0,36,0,2,0,0,0
1,54,5,277,1,1,27,0,2,1,0,1
1,60,9,480,1,0,26,0,1,1,1,1
1,33,10,991,1,1,24,0,1,0,0,1
1,44,8,485,0,0,17,0,2,0,1,0
0,33,7,836,0,0,18,0,2,0,0,0
0,26,7,510,0,0,15,1,0,1,0,1
0,14,6,667,1,1,27,0,2,0,0,1
0,29,5,70,0,0,38,0,1,0,0,0
1,30,13,113,1,0,18,1,2,0,1,1
1,49,4,214,1,1,36,1,1,0,0,1
0,67,3,76,0,0,25,1,2,0,1,1
0,40,3,360,1,0,33,0,1,1,1,1
1,55,6,334,0,0,25,0,2,0,1,0
0,45,4,709,1,0,26,0,0,0,0,0
1,20,12,330,0,0,25,1,2,0,1,0
0,61,12,887,0,1,20,0,0,1,0,1
0,24,6,880,0,0,26,0,0,0,0,0
0,28,3,213,1,1,23,1,1,1,0,1
0,16,4,947,1,0,39,0,0,0,1,0
0,60,9,967,0,0,24,0,1,1,1,1
0,37,5,273,1,0,17,1,0,1,0,1
0,60,13,833,0,0,17,0,0,1,0,1
1,52,7,195,0,1,34,0,1,1,1,0
1,67,10,999,1,0,37,1,2,1,0,1
1,14,2,917,1,0,30,1,2,0,0,0
1,14,14,79,0,1,17,1,2,1,0,1
1,39,14,94,0,0,24,1,2,0,0,0
0,63,5,836,0,0,38,0,1,1,0,1
0,41,9,520,0,0,25,0,2,0,0,0
1,17,11,83,0,1,22,1,2,0,0,0
0,19,3,702,1,0,20,0,1,1,0,0
1,47,14,476,0,1,34,0,0,0,0,0
1,56,9,879,0,1,25,1,2,1,0,1
0,41,14,935,1,1,35,1,1,0,0,1
0,57,11,270,1,1,26,0,2,0,1,1
0,37,6,917,1,1,30,0,1,1,1,1
1,26,4,583,1,0,32,1,2,0,0,0
0,40,7,741,0,0,27,1,1,1,0,1
1,17,8,997,1,1,36,0,1,0,0,1
1,49,6,416,1,1,17,0,0,0,0,1
1,34,5,981,1,0,29,1,0,0,0,0
0,18,6,890,0,0,36,0,2,0,1,0
0,11,5,792,0,1,35,0,1,1,0,0
1,24,8,964,0,1,28,0,0,1,0,0
0,59,1,599,1,1,32,0,0,1,0,1
0,12,11,631,0,1,28,0,2,0,0,0
0,58,7,165,0,1,19,0,1,1,1,1
1,45,10,288,1,0,35,0,2,0,0,0
1,13,10,384,1,1,28,0,2,0,0,1
0,23,11,490,1,0,39,0,0,1,1,1
1,50,2,197,1,1,22,0,2,0,0,1
0,50,14,58,0,0,37,1,0,0,0,0
0,34,9,337,0,0,29,1,0,0,0,0
0,67,1,437,0,0,29,0,1,0,0,1
0,64,11,99,0,0,33,1,1,0,0,1
1,59,10,899,0,0,34,0,0,0,0,1
1,19,6,566,0,0,20,0,0,0,1,0
1,30,9,965,0,0,33,0,2,0,0,0
0,45,1,904,1,0,39,0,2,1,1,0
0,21,4,687,1,0,22,1,0,0,0,0
0,36,4,636,0,0,20,0,2,1,0,0
1,49,9,726,1,0,34,0,0,1,0,0
0,11,11,327,1,0,37,0,1,0,0,0
1,63,5,885,0,1,29,0,1,0,1,1
1,22,5,349,0,1,17,1,2,0,0,0
1,62,6,851,0,0,24,0,2,1,0,1
1,41,1,638,0,1,29,0,1,0,0,0
1,40,1,859,0,0,38,1,1,0,0,1
1,25,9,698,0,1,30,0,0,1,0,0
0,41,3,667,0,0,31,0,0,0,0,0
0,41,4,656,0,0,33,1,2,0,0,0
1,69,1,184,0,0,25,1,0,0,0,1
1,43,9,629,0,0,30,0,2,1,0,0
0,20,8,196,0,0,19,0,2,1,0,0
1,19,2,539,0,0,19,0,2,0,0,0
1,24,8,527,1,0,28,0,2,0,1,0
0,26,7,208,1,1,32,0,2,0,1,1
1,49,11,433,1,0,22,0,1,1,0,0
1,27,6,212,0,0,19,0,0,0,1,0
1,64,1,490,1,0,21,0,2,0,1,1
0,18,7,902,1,0,30,1,0,1,0,1
0,34,10,238,0,0,37,0,0,0,1,0
0,49,7,464,1,1,28,0,2,0,0,0
1,68,13,388,0,1,19,1,0,1,0,1
1,23,14,656,1,0,38,0,0,0,0,0
0,69,9,230,0,0,23,0,0,0,1,1
1,67,1,337,0,0,18,0,2,0,0,1
1,34,2,883,0,1,18,0,1,0,0,1
1,59,11,236,0,0,30,0,0,0,0,1
1,31,9,933,0,0,38,0,2,0,0,0
1,61,13,187,1,0,31,1,0,0,1,1
0,39,9,179,1,1,29,1,2,0,0,1
1,29,13,243,1,1,18,0,2,1,1,1
0,30,6,365,0,1,20,0,2,0,0,0
1,53,6,834,0,1,30,1,1,1,0,1
0,41,4,913,0,1,18,1,1,1,0,1
1,60,4,193,1,1,20,0,0,0,0,1
0,55,5,65,0,0,19,0,1,0,0,0
1,58,3,351,0,0,30,0,0,0,0,1
0,65,1,472,0,0,39,0,1,0,0,0
1,30,1,294,0,1,30,0,0,0,0,0
0,44,12,976,1,0,24,1,2,0,0,0
1,67,13,156,0,0,23,0,0,0,0,1
0,41,7,137,0,1,18,1,0,0,0,0
0,39,1,178,1,0,28,0,1,0,0,0
1,64,1,956,1,1,18,0,1,0,0,1
1,48,3,936,0,0,26,1,2,0,1,0
0,58,10,390,0,0,38,0,1,0,0,1
1,21,4,53,0,0,24,0,1,1,1,0
0,50,4,376,1,0,18,1,0,0,0,0
0,56,2,459,0,0,32,0,0,0,0,1
0,27,1,928,0,0,27,0,0,0,0,0
1,30,3,355,0,0,27,0,2,1,0,0
0,22,11,957,0,1,28,0,0,0,0,1
0,30,4,656,1,1,32,1,0,0,0,1
1,17,3,770,0,0,15,0,0,1,0,0
1,55,8,274,1,0,35,1,0,0,0,0
1,49,14,397,0,0,30,0,1,0,0,0
1,55,10,370,0,1,29,0,0,0,1,0
0,16,1,608,0,0,36,1,2,0,0,0
0,32,14,230,0,1,39,1,2,0,0,0
0,53,2,667,0,0,19,0,2,0,0,0
0,41,13,760,0,0,20,0,0,0,0,0
1,20,7,435,0,0,20,1,2,0,0,0
0,31,4,667,0,1,17,0,0,1,0,0
0,31,8,841,0,0,30,1,2,1,0,1
1,52,11,821,0,0,26,1,0,1,0,1
0,34,13,157,1,0,18,0,2,0,0,0
0,31,3,580,0,0,15,1,2,0,1,0
0,37,6,459,1,0,18,0,2,1,0,0
0,38,9,345,0,0,15,0,2,1,1,0
0,22,1,867,1,0,35,0,2,0,1,0
0,27,1,220,0,1,22,0,1,0,1,0
1,11,8,380,0,0,38,0,0,0,1,0
1,38,3,542,0,0,19,0,1,0,0,0
0,30,5,244,0,1,16,0,1,0,0,0
0,24,1,61,1,1,26,0,2,0,0,1
1,61,5,244,1,0,36,0,0,0,0,1
0,36,11,539,1,1,31,1,2,1,0,1
0,59,6,844,0,0,21,0,0,1,0,1
0,40,8,930,0,1,25,0,0,1,0,0
1,24,13,231,0,0,18,0,0,0,0,0
0,60,14,866,1,0,19,0,0,0,0,0
1,32,3,705,1,0,20,0,2,1,1,0
0,33,3,947,0,0,25,0,1,0,1,0
1,53,12,365,0,0,15,1,0,0,0,0
1,22,11,743,0,0,39,0,1,0,0,0
0,31,11,79,0,1,24,1,1,1,1,1
1,52,10,645,0,1,34,0,1,0,1,0
0,46,9,727,1,1,38,0,1,0,1,1
1,42,4,845,0,0,35,1,2,1,0,0
0,65,4,842,0,1,25,1,0,0,0,1
0,12,12,145,1,1,38,0,2,1,0,1
1,63,7,430,0,0,31,1,2,1,1,1
0,28,2,827,1,0,22,1,1,0,0,1
0,32,8,493,0,0,27,0,1,0,1,0
1,38,6,347,1,1,34,1,2,0,0,1
0,39,3,857,0,1,32,0,2,1,1,0
0,48,9,786,1,0,36,0,0,0,0,0
1,53,5,894,0,1,30,1,0,0,0,0
1,56,8,410,0,0,16,0,2,0,0,1
0,34,7,423,0,0,19,0,2,0,0,0
0,46,14,603,0,0,32,0,1,1,0,0
1,56,8,352,0,1,17,0,2,0,1,1
1,17,7,470,1,0,36,0,1,0,0,0
0,51,3,295,1,0,31,0,2,0,0,1
1,67,2,769,1,0,30,1,1,0,0,0
0,25,7,286,0,0,20,1,0,1,0,1
0,17,3,583,1,1,33,0,1,1,0,0
0,10,3,234,0,1,21,1,2,0,0,0
0,53,2,517,0,0,32,0,0,0,1,0
0,14,4,803,1,0,28,0,0,0,0,0
1,12,8,412,1,0,20,1,1,1,1,1
1,10,12,332,1,0,22,0,0,0,0,0
1,13,1,602,0,0,29,1,2,0,0,0
1,49,1,385,1,0,29,0,2,0,1,0
0,44,12,211,1,0,29,0,2,1,0,0
0,41,14,209,0,1,30,0,1,1,0,0
0,51,5,523,0,0,15,0,2,0,0,0
0,43,11,650,1,1,25,1,2,0,1,1
1,52,5,371,1,0,39,0,1,0,0,1
0,34,11,61,1,0,19,0,1,0,0,0
0,19,12,473,0,0,19,0,1,0,0,1
1,30,1,122,0,1,35,0,2,1,0,0
1,55,6,637,1,0,20,0,0,1,1,0
1,48,1,907,1,1,16,0,2,1,0,1
1,36,5,250,0,0,20,0,1,0,0,0
0,36,9,571,0,1,28,1,0,0,0,0
0,11,12,913,1,0,25,0,0,0,1,1
1,50,14,554,0,0,18,0,0,1,0,0
0,57,5,787,1,0,38,0,2,0,0,1
0,22,6,737,1,0,39,1,1,0,0,0
0,18,8,837,0,1,23,0,0,0,0,0
1,61,11,88,0,1,38,1,2,1,0,1
0,45,1,109,0,0,17,0,1,0,0,0
1,31,14,627,0,0,30,0,0,0,1,1
0,51,2,370,0,1,25,0,2,0,0,0
0,35,9,484,0,0,18,0,1,0,0,0
0,67,3,685,0,0,15,1,1,1,0,1
1,63,6,725,0,1,39,1,0,0,1,1
0,21,5,457,0,1,35,0,0,0,0,0
1,26,11,972,1,1,36,1,0,0,0,1
1,23,2,435,0,0,30,0,1,0,1,0
1,23,14,720,0,0,33,1,1,1,0,0
0,66,7,618,0,0,30,0,2,1,0,0
0,43,4,127,1,0,25,0,2,0,1,0
0,62,1,243,0,1,22,0,0,0,0,1
0,66,13,334,0,0,37,0,2,0,0,0
1,29,4,576,1,0,15,0,2,0,0,0
1,20,6,573,0,1,35,0,1,1,1,0
1,25,7,662,1,0,23,0,2,0,0,0
0,60,7,205,1,0,26,0,2,1,0,1
1,40,14,389,0,0,36,0,0,0,0,0
0,64,7,174,0,0,22,1,0,0,0,1
1,15,3,920,0,1,31,0,0,0,0,0
0,65,6,329,1,1,24,1,0,0,1,1
0,28,13,966,0,0,21,0,2,1,0,0
1,46,8,955,1,1,33,0,0,0,0,1
1,67,4,671,1,0,39,1,0,0,0,1
1,13,13,895,1,0,20,1,1,0,0,0
1,56,8,918,0,0,35,1,2,0,0,0
0,13,2,707,0,0,38,0,2,0,0,0
1,29,10,777,0,0,38,0,1,0,0,0
1,19,9,959,0,0,33,0,2,0,0,0
1,33,9,723,1,0,32,0,1,0,1,0
0,63,8,177,0,1,29,0,0,1,1,1
0,44,10,363,0,1,16,1,1,0,0,0
1,35,14,381,0,0,28,0,1,1,0,0
0,46,13,199,1,1,35,1,1,1,0,1
1,47,10,503,0,1,24,1,0,1,0,1
0,30,1,85,0,1,30,1,2,0,0,1
0,63,2,734,0,0,21,0,0,0,0,1
0,49,6,469,0,0,22,1,2,0,0,0
0,48,10,71,1,1,24,1,1,0,1,1
1,30,5,255,0,0,29,1,2,0,0,0
1,19,12,688,1,0,22,1,2,0,0,0
1,47,14,897,0,1,27,0,2,0,0,0
0,55,9,405,0,0,26,0,2,0,1,0
1,13,5,489,1,0,22,0,1,0,1,0
1,69,2,778,0,0,29,1,1,0,0,1
1,66,10,145,0,0,26,1,0,0,0,0
0,54,4,978,1,1,25,0,2,0,0,1
0,29,9,990,0,0,33,1,0,0,0,0
0,26,1,213,1,1,28,0,2,0,0,1
1,64,11,197,0,0,32,1,1,0,0,1
1,16,1,579,0,0,27,0,1,0,0,0
1,13,12,343,0,0,18,1,2,0,1,1
0,38,7,244,0,1,31,0,0,0,0,0
0,23,11,712,0,0,33,0,0,0,0,0
1,12,3,529,0,0,23,0,2,0,0,0
0,33,10,926,1,0,37,1,0,0,0,1
0,46,2,172,0,0,21,0,2,0,1,0
0,25,9,449,0,0,15,0,0,0,0,0
0,67,3,748,1,0,21,1,2,0,0,0
1,64,2,501,0,0,21,1,0,0,0,1
0,61,12,710,0,0,34,0,1,0,0,1
0,13,8,153,0,0,21,1,1,1,0,1
0,65,10,804,1,0,22,0,2,0,0,1
0,33,6,511,1,1,30,1,0,0,0,1
1,43,6,792,1,0,17,0,2,0,0,0
1,39,10,767,0,0,27,1,0,0,0,0
0,27,11,759,1,1,24,0,2,1,1,0
0,28,7,445,0,0,32,1,1,0,1,0
0,40,7,961,1,0,21,1,2,0,0,0
0,69,11,386,0,0,35,1,2,1,1,1
0,69,13,648,1,0,35,0,2,0,1,1
0,28,6,191,0,1,19,1,1,0,0,0
1,58,4,366,1,1,37,0,1,0,1,1
0,55,11,760,0,0,39,1,2,1,1,1
1,28,9,607,1,1,38,1,2,0,0,1
1,31,6,849,0,1,36,0,2,0,0,0
0,33,4,576,0,0,21,0,0,1,0,0
1,54,12,605,1,0,39,0,2,1,0,0
1,21,3,450,0,0,36,0,2,1,0,0
1,39,4,730,0,0,31,0,0,0,0,1
1,67,3,359,1,1,18,0,0,1,0,1
1,47,2,544,0,1,38,0,2,1,0,1
1,62,14,605,1,0,37,0,1,0,0,0
0,40,5,659,0,0,30,0,2,0,0,1
1,45,2,822,0,1,33,0,2,0,0,0
1,28,6,158,1,0,24,0,2,0,1,1
1,57,3,844,0,1,17,1,2,1,0,1
0,54,6,421,0,0,17,1,2,0,1,0
1,45,11,904,0,1,31,0,2,1,0,0
0,39,10,665,0,1,24,1,0,0,0,0
1,64,9,817,0,1,31,0,2,0,0,1
0,58,1,940,0,0,36,1,0,1,1,1
0,64,6,255,1,0,31,0,2,0,0,1
1,42,9,896,0,0,35,1,1,0,1,0
1,27,11,92,0,0,18,0,0,1,0,0
0,61,4,914,0,0,35,1,2,0,0,1
1,58,11,294,0,1,37,0,2,0,1,1
0,68,12,336,0,0,20,0,1,0,0,1
0,37,2,404,0,0,26,1,2,0,1,0
0,68,13,834,0,0,39,0,1,0,0,0
0,56,4,525,1,1,36,1,1,1,1,1
0,20,1,132,0,0,39,1,2,0,1,0
1,66,3,159,0,1,34,0,2,0,1,1
0,69,10,999,1,0,31,0,2,1,1,1
0,63,9,239,0,1,31,0,1,0,0,1
1,54,10,849,0,0,24,1,0,0,0,0
0,42,5,985,1,0,21,0,2,0,0,0
1,26,11,958,1,0,30,0,2,1,1,1
1,15,6,300,1,0,27,0,2,0,0,0
1,13,3,773,0,0,17,0,2,0,0,0
0,29,5,340,1,0,16,0,2,0,0,0
0,57,11,694,1,0,30,1,0,0,0,1
0,56,8,250,0,0,20,1,2,1,0,1
1,36,6,846,1,0,20,0,2,0,1,1
0,24,4,375,1,1,27,0,1,1,0,1
1,15,2,560,1,0,21,1,0,0,0,0
0,56,14,458,0,0,19,1,1,0,0,1
1,23,9,656,0,0,38,0,2,0,1,0
0,69,13,839,1,0,21,0,0,0,1,1
0,20,12,990,0,0,16,1,1,0,0,0
0,48,1,886,0,1,31,1,0,0,1,0
1,18,1,557,1,1,27,0,1,0,1,1
1,35,13,780,1,1,39,0,1,0,0,1
0,25,4,650,1,0,35,0,0,0,0,0
0,14,7,121,0,0,35,0,0,0,0,0
1,66,1,296,0,0,30,0,2,1,1,1
1,61,9,690,1,0,34,0,2,1,0,1
1,19,4,773,0,1,16,0,2,1,1,0
0,59,3,989,1,0,19,1,2,0,0,1
1,12,1,904,0,0,32,0,2,1,0,0
0,22,10,657,0,0,21,0,0,0,0,1
1,52,4,636,1,0,25,0,1,0,0,0
0,58,9,984,0,0,39,1,1,1,0,1
1,39,13,615,1,0,39,0,2,0,1,1
1,63,14,393,0,0,25,0,1,1,1,1
1,54,10,974,1,1,36,1,0,0,0,1
1,15,6,103,0,1,31,0,0,0,1,0
1,26,6,779,1,0,30,0,2,0,0,0
0,68,1,577,0,0,27,0,2,1,1,1
1,54,10,660,1,0,36,0,2,0,0,0
1,60,2,581,0,0,19,0,1,0,0,1
1,62,11,607,1,0,34,0,1,0,0,1
0,28,6,242,0,1,30,1,2,0,0,0
1,51,2,944,1,0,36,1,1,1,1,1
0,44,3,107,1,0,36,0,0,0,0,0
1,55,4,486,0,1,30,0,0,0,0,0
1,35,11,160,1,0,30,0,1,1,1,1
0,60,5,178,1,0,28,0,2,0,0,1
1,14,9,898,0,0,20,1,2,0,0,0
0,38,12,755,0,0,16,0,2,0,0,0
0,46,4,974,1,0,28,1,2,1,0,1
1,29,13,901,0,0,30,0,0,0,0,0
0,58,11,375,0,0,37,0,2,0,0,1
1,30,9,57,1,0,34,0,0,0,1,0
1,19,11,78,0,1,27,1,0,1,0,1
0,14,10,161,0,0,29,1,2,0,0,0
0,45,3,996,0,1,26,0,0,0,0,0
0,15,8,722,1,1,23,0,1,0,0,1
0,35,12,180,0,0,32,0,0,0,0,1
1,13,1,237,1,1,35,1,0,0,0,1
1,48,11,724,1,0,28,0,2,0,0,0
0,48,9,758,1,1,34,0,2,0,0,1
1,59,9,524,0,0,39,1,0,0,1,1
1,44,10,413,0,1,18,0,0,0,0,0
1,10,2,253,0,1,22,1,1,0,0,0
1,33,4,261,0,1,22,0,2,1,0,0
0,66,13,670,1,0,36,0,2,0,1,1
0,45,8,325,1,0,36,0,2,1,0,0
1,15,7,122,1,1,30,0,0,0,0,1
0,50,1,728,1,0,38,0,2,0,0,0
0,63,5,821,0,0,24,1,2,0,1,1
0,55,7,292,0,0,39,0,1,0,0,0
1,69,4,836,1,0,35,0,0,0,1,1
1,53,1,151,1,0,31,0,1,0,0,0
1,69,9,734,1,1,15,1,0,0,1,1
0,66,14,220,0,0,32,0,0,0,0,1
1,40,5,702,0,0,24,1,0,0,1,0
1,29,11,958,0,0,35,1,0,0,1,1
0,33,2,237,0,1,18,0,1,0,1,0
1,34,8,490,0,1,15,1,2,0,0,0
1,45,11,135,1,0,18,0,0,1,0,0
0,30,13,525,1,0,18,0,1,0,0,0
0,39,2,101,0,0,18,0,1,0,0,0
0,33,3,160,0,0,31,0,1,0,0,0
1,53,14,998,1,1,23,0,1,0,0,1
1,51,10,926,0,0,33,1,0,0,1,0
1,39,1,903,0,0,27,0,1,1,1,0
0,31,11,92,0,0,18,0,2,0,0,0
0,37,2,260,0,1,19,0,1,0,0,0
1,16,14,249,0,0,27,0,1,0,1,1
1,44,7,859,0,0,37,1,2,0,1,0
0,64,10,907,1,1,30,0,1,1,1,1
0,37,2,801,1,0,36,1,0,0,0,0
0,23,6,676,1,0,19,0,2,0,1,0
0,65,3,75,1,1,22,1,0,0,0,1
1,19,4,968,0,0,30,0,1,0,0,0
0,25,11,348,0,0,15,0,0,0,0,0
1,25,13,126,1,0,37,0,2,0,1,1
1,63,8,973,0,0,20,0,2,0,1,1
1,40,14,186,1,0,25,0,1,1,0,0
0,51,3,69,1,1,30,0,2,0,0,1
0,34,10,489,1,0,19,0,1,1,0,0
0,22,6,260,1,0,30,0,1,0,0,0
0,15,1,801,1,0,21,0,2,1,0,0
1,53,7,600,0,0,33,1,2,0,0,0
0,18,8,484,0,1,15,0,1,1,0,0
0,54,11,829,0,0,23,1,1,0,0,0
1,45,14,256,1,0,32,0,1,0,1,1
0,65,8,488,1,1,27,0,0,0,1,1
1,52,3,828,1,0,29,0,1,0,1,0
1,29,14,715,0,0,17,0,2,0,1,1
1,27,10,91,1,0,38,0,2,0,0,0
1,67,1,460,0,1,24,1,1,0,0,1
1,52,9,572,0,0,23,0,0,0,0,0
1,66,13,855,0,1,27,1,1,0,0,1
1,30,6,659,0,1,30,0,2,1,1,0
1,13,11,476,1,0,17,1,1,0,0,0
0,59,9,324,1,1,36,0,0,0,1,1
0,42,7,497,1,1,37,0,2,1,0,1
0,36,1,951,0,1,29,1,1,0,0,0
0,16,12,991,1,1,31,0,0,0,0,1
1,15,12,933,1,1,28,1,0,1,0,1
0,24,1,791,0,0,21,0,1,0,1,0
1,27,6,418,1,1,34,0,0,0,0,1
0,41,5,987,0,1,30,1,1,1,1,1
0,65,9,269,0,1,35,1,0,0,1,1
0,20,2,626,1,0,22,0,2,0,0,0
1,29,8,916,1,0,18,1,1,0,1,0
0,33,11,281,1,0,34,0,2,0,0,0
1,24,5,377,0,0,38,1,2,0,0,0
1,57,2,492,0,0,29,1,2,0,0,1
0,16,13,101,0,0,19,0,1,0,1,1
0,30,10,935,0,1,27,1,0,0,0,0
0,51,11,992,0,0,20,0,2,0,0,0
1,35,11,425,1,0,19,1,0,1,0,1
0,53,12,312,1,0,31,1,2,0,0,1
1,65,6,316,0,1,21,0,0,0,0,1
1,23,10,408,1,0,20,0,2,1,0,0
0,66,8,366,1,1,16,0,2,0,0,1
0,46,4,373,0,1,25,1,0,1,1,1
1,67,2,970,0,0,21,0,0,0,0,1
1,30,12,957,0,0,36,0,2,0,0,0
1,27,11,715,0,0,35,1,2,0,0,0
0,14,5,919,1,0,22,0,1,1,1,0
1,12,12,927,0,1,19,0,2,0,0,0
0,32,2,701,1,1,32,0,0,1,0,1
1,35,2,988,1,1,36,0,2,0,0,1
1,46,6,612,0,0,30,0,0,0,1,1
0,33,11,678,1,1,28,1,1,0,0,1
1,58,10,470,0,1,26,0,1,0,0,1
0,28,9,95,1,0,31,1,2,0,0,1
0,60,13,870,0,1,19,0,2,1,0,1
1,34,4,649,1,0,28,0,0,0,0,0
0,30,6,769,0,0,20,0,2,0,0,0
0,21,7,938,0,0,29,0,1,0,0,0
1,66,13,318,1,0,21,1,0,1,1,0
0,50,11,650,1,0,28,0,0,0,0,0
0,42,6,430,1,1,32,0,2,0,1,1
0,59,8,167,1,0,15,0,1,0,1,1
1,62,4,615,0,0,20,0,2,0,0,1
0,13,12,165,0,1,17,1,1,0,0,0
1,51,1,679,1,1,19,0,0,1,0,1
1,66,7,309,1,0,26,1,2,1,0,1
0,16,3,124,1,0,25,0,1,0,0,0
0,31,14,529,0,0,27,1,0,0,1,1
0,64,6,354,1,0,30,0,2,0,1,1
1,42,2,56,0,1,32,0,0,0,0,0
0,26,9,415,0,0,31,1,0,0,1,0
0,33,1,683,1,0,31,0,0,0,0,0
0,43,6,572,0,1,25,0,1,0,0,0
0,37,6,397,0,0,34,0,2,0,0,0
0,67,5,487,0,0,24,1,1,0,0,1
1,52,13,264,1,0,30,1,2,0,1,0
1,50,5,478,1,1,16,1,2,1,0,1
0,48,1,840,0,0,31,1,2,0,1,0
0,31,10,547,0,0,36,0,1,0,0,0
0,58,12,589,0,0,34,0,1,0,1,0
0,26,5,796,0,0,24,0,1,0,0,0
1,43,2,416,0,1,27,0,0,0,0,0
0,15,7,362,0,0,26,0,2,1,0,0
1,55,3,587,1,0,29,0,2,1,0,0
1,15,13,970,0,1,21,1,1,0,0,0
0,43,4,103,0,0,36,0,0,0,0,0
1,10,3,590,0,0,35,0,0,0,0,0
1,19,3,516,0,0,27,0,2,1,0,0
1,30,4,914,1,1,26,1,0,0,0,1
1,14,5,213,0,0,26,1,0,0,0,0
0,11,1,831,0,0,16,1,1,0,0,0
0,31,4,383,1,0,19,0,2,0,1,0
1,57,12,596,0,0,39,0,1,1,0,1
0,66,12,847,1,0,39,1,1,0,0,1
0,11,11,397,1,1,16,0,0,0,0,1
0,19,8,322,1,0,37,0,2,0,0,0
0,43,10,769,0,0,34,0,0,0,0,0
0,25,7,799,0,0,27,0,1,1,0,0
1,57,9,463,0,1,17,1,2,0,0,1
0,60,5,549,0,0,25,0,2,0,0,1
0,48,13,142,0,0,30,1,2,1,0,1
0,31,10,734,1,0,15,0,2,0,0,0
